Unnamed: 0,Company,Valuation (B),Date Joined,Country,City,Industry
0,ByteDance,225.0,2017-04-07,China,Beijing,Media & Entertainment
1,SpaceX,150.0,2012-12-01,United States,Hawthorne,Industrials
2,OpenAI,80.0,2019-07-22,United States,San Francisco,Enterprise Tech
3,SHEIN,66.0,2018-07-03,Singapore,Singapore City,Consumer & Retail
4,Stripe,65.0,2014-01-23,United States,San Francisco,Financial Services
5,Databricks,43.0,2019-02-05,United States,San Francisco,Enterprise Tech
6,Canva,25.4,2018-01-08,Australia,Surry Hills,Enterprise Tech
7,Revolut,33.0,2018-04-26,United Kingdom,London,Financial Services
8,Epic Games,22.5,2018-10-26,United States,Cary,Media & Entertainment
9,Fanatics,31.0,2012-06-06,United States,Jacksonville,Consumer & Retail
10,Chime,25.0,2019-03-05,United States,San Francisco,Financial Services
11,Xiaohongshu,20.0,2016-03-31,China,Shanghai,Media & Entertainment
12,Miro,17.5,2022-01-05,United States,San Francisco,Enterprise Tech
13,Anthropic,16.05,2023-02-03,United States,San Francisco,Enterprise Tech
14,Yuanfudao,15.5,2017-05-31,China,Beijing,Consumer & Retail
15,DJI Innovations,15.0,2015-01-23,China,Shenzhen,Industrials
16,Discord,15.0,2018-04-20,United States,San Francisco,Media & Entertainment
17,Gopuff,15.0,2020-10-08,United States,Philadelphia,Consumer & Retail
18,Yuanqi Senlin,15.0,2020-03-01,China,Beijing,Consumer & Retail
19,Ripple,15.0,2019-12-20,United States,San Francisco,Financial Services
20,Plaid,13.5,2018-12-11,United States,San Francisco,Financial Services
21,OpenSea,13.3,2021-07-20,United States,New York,Media & Entertainment
22,Celonis,13.0,2018-06-26,Germany,Munich,Enterprise Tech
23,Grammarly,13.0,2019-10-10,United States,San Francisco,Media & Entertainment
24,Devoted Health,12.9,2018-10-16,United States,Waltham,Healthcare & Life Sciences
25,Faire,12.59,2019-10-30,United States,San Francisco,Consumer & Retail
26,Brex,12.3,2018-10-05,United States,San Francisco,Enterprise Tech
27,JUUL Labs,12.0,2017-12-20,United States,San Francisco,Consumer & Retail
28,Bitmain Technologies,12.0,2018-07-06,China,Beijing,Enterprise Tech
29,GoodLeap,12.0,2021-10-13,United States,Roseville,Financial Services
30,Xingsheng Selected,12.0,2020-07-22,China,Changsha,Consumer & Retail
31,Deel,12.0,2021-04-21,United States,San Francisco,Enterprise Tech
32,Airtable,11.7,2018-11-15,United States,San Francisco,Enterprise Tech
33,BYJU's,11.5,2017-07-25,India,Bengaluru,Consumer & Retail
34,ZongMu Technology,11.4,2021-06-03,China,Shanghai,Industrials
35,Rippling,11.25,2020-08-04,United States,San Francisco,Enterprise Tech
36,Global Switch,11.1,2016-12-22,United Kingdom,London,Enterprise Tech
37,Checkout.com,11.0,2019-05-02,United Kingdom,London,Financial Services
38,Bolt,11.0,2021-10-08,United States,San Francisco,Financial Services
39,Alchemy,10.2,2021-10-28,United States,San Francisco,Enterprise Tech
40,Huolala,10.0,2019-02-21,China,Guangzhou,Industrials
41,Wiz,10.0,2021-03-17,Israel,Tel Aviv,Enterprise Tech
42,Gusto,10.0,2015-12-18,United States,San Francisco,Financial Services
43,Chehaoduo,10.0,2016-03-12,China,Beijing,Consumer & Retail
44,Talkdesk,10.0,2018-10-03,United States,San Francisco,Enterprise Tech
45,Notion,10.0,2020-04-01,United States,San Francisco,Enterprise Tech
46,Digital Currency Group,10.0,2021-11-01,United States,New York,Financial Services
47,KuCoin,10.0,2022-05-10,Seychelles,Victoria,Financial Services
48,ServiceTitan,9.5,2018-11-14,United States,Glendale,Industrials
49,HEYTEA,9.28,2019-07-01,China,Shenzhen,Consumer & Retail
50,N26,9.23,2019-01-10,Germany,Berlin,Financial Services
51,Navan,9.2,2018-11-08,United States,Palo Alto,Enterprise Tech
52,VAST Data,9.1,2020-04-16,United States,New York,Enterprise Tech
53,Northvolt,9.08,2019-06-12,Sweden,Stockholm,Industrials
54,Tanium,9.0,2015-03-31,United States,Kirkland,Enterprise Tech
55,Niantic,9.0,2017-11-24,United States,San Francisco,Media & Entertainment
56,OYO Rooms,9.0,2018-09-25,India,Gurugram,Consumer & Retail
57,Getir,8.8,2021-03-26,Turkey,Istanbul,Consumer & Retail
58,Rapyd,8.75,2019-12-03,United Kingdom,London,Financial Services
59,Kavak,8.7,2020-10-01,Mexico,Lerma de Villada,Industrials
60,Nuro,8.6,2019-02-11,United States,Mountain View,Industrials
61,Chainalysis,8.6,2020-11-23,United States,New York,Financial Services
62,Pony.ai,8.6,2018-07-11,United States,Fremont,Industrials
63,Personio,8.5,2021-01-19,Germany,Munich,Enterprise Tech
64,Anduril,8.48,2019-09-11,United States,Irvine,Industrials
65,SumUp,8.5,2019-07-16,United Kingdom,London,Financial Services
66,Bolt,8.4,2018-05-29,Estonia,Tallinn,Industrials
67,Lacework,8.3,2021-01-07,United States,San Jose,Enterprise Tech
68,Tipalti,8.3,2020-10-06,United States,San Mateo,Enterprise Tech
69,Tempus,8.1,2018-03-21,United States,Chicago,Healthcare & Life Sciences
70,Swiggy,8.0,2018-06-21,India,Bengaluru,Consumer & Retail
71,Dream11,8.0,2019-04-09,India,Mumbai,Media & Entertainment
72,Fireblocks,8.0,2021-07-27,United States,New York,Financial Services
73,Flexport,8.0,2018-04-30,United States,San Francisco,Industrials
74,FalconX,8.0,2021-08-10,United States,San Mateo,Financial Services
75,Caris,7.83,2021-05-12,United States,Irving,Healthcare & Life Sciences
76,Dapper Labs,7.6,2021-03-30,Canada,Vancouver,Media & Entertainment
77,Netskope,7.5,2018-11-13,United States,Santa Clara,Enterprise Tech
78,Razorpay,7.5,2020-10-11,India,Bengaluru,Financial Services
79,Automattic,7.5,2013-05-27,United States,San Francisco,Media & Entertainment
80,Carta,7.4,2019-05-06,United States,San Francisco,Financial Services
81,Snyk,7.4,2020-01-21,United States,Boston,Enterprise Tech
82,Scale AI,7.3,2019-08-05,United States,San Francisco,Enterprise Tech
83,Gong,7.25,2020-08-12,United States,Palo Alto,Enterprise Tech
84,Gemini,7.1,2021-11-19,United States,New York,Financial Services
85,Blockchain.com,7.0,2021-02-17,United Kingdom,London,Financial Services
86,Toss,7.0,2018-12-09,South Korea,Seoul,Financial Services
87,We Doctor,7.0,2015-09-22,China,Hangzhou,Healthcare & Life Sciences
88,Ro,7.0,2020-07-27,United States,New York,Healthcare & Life Sciences
89,ConsenSys,7.0,2021-11-17,United States,New York,Enterprise Tech
90,Automation Anywhere,6.8,2018-07-02,United States,San Jose,Enterprise Tech
91,1Password,6.8,2021-07-08,Canada,Toronto,Enterprise Tech
92,Klarna,6.7,2011-12-12,Sweden,Stockholm,Financial Services
93,Ziroom,6.6,2018-01-17,China,Beijing,Consumer & Retail
94,SVOLT,6.51,2020-06-08,China,Changzhou,Industrials
95,National Stock Exchange of India,6.5,2020-07-01,India,Mumbai,Financial Services
96,Mollie,6.5,2020-09-08,Netherlands,Amsterdam,Financial Services
97,Ola,7.5,2014-10-27,India,Bengaluru,Industrials
98,Doctolib,6.4,2019-03-19,France,Paris,Healthcare & Life Sciences
99,CRED,6.4,2021-04-06,India,Bengaluru,Financial Services
100,DataRobot,6.3,2019-07-29,United States,Boston,Enterprise Tech
101,Upgrade,6.28,2018-02-12,United States,San Francisco,Financial Services
102,Hinge Health,6.2,2021-01-06,United States,San Francisco,Healthcare & Life Sciences
103,Black Unicorn Factory,6.1,2021-05-20,United States,Los Angeles,Enterprise Tech
104,Benchling,6.1,2021-04-14,United States,San Francisco,Healthcare & Life Sciences
105,Applied Intuition,6.0,2020-10-22,United States,Sunnyvale,Industrials
106,Commure,6.0,2021-09-16,United States,San Francisco,Healthcare & Life Sciences
107,Royole Corporation,6.0,2015-08-18,China,Shenzhen,Industrials
108,iCapital Network,6.0,2021-07-27,United States,New York,Financial Services
109,6Sense,5.2,2021-03-30,United States,San Francisco,Enterprise Tech
110,Attentive,5.99,2020-09-23,United States,Hoboken,Enterprise Tech
111,Easyhome,5.78,2018-02-12,China,Beijing,Consumer & Retail
112,Lianjia,5.77,2016-04-07,China,Beijing,Financial Services
113,Cityblock Health,5.7,2020-12-10,United States,Brooklyn,Healthcare & Life Sciences
114,Workato,5.7,2021-01-12,United States,Mountain View,Enterprise Tech
115,Back Market,5.7,2021-05-18,France,Paris,Consumer & Retail
116,RELEX,5.7,2022-02-17,Finland,Helsinki,Consumer & Retail
117,The Boring Company,5.7,2022-04-20,United States,Pflugerville,Industrials
118,Postman,5.6,2020-06-11,United States,San Francisco,Enterprise Tech
119,FiveTran,5.6,2020-06-30,United States,Oakland,Enterprise Tech
120,ContentSquare,5.6,2021-05-25,France,Paris,Enterprise Tech
121,Trade Republic,5.36,2021-05-20,Germany,Berlin,Financial Services
122,Rappi,5.25,2018-08-31,Colombia,Bogota,Consumer & Retail
123,Collibra,5.25,2019-01-29,Belgium,Brussels,Enterprise Tech
124,OneTrust,4.5,2019-07-11,United States,Atlanta,Enterprise Tech
125,QuintoAndar,5.1,2019-09-09,Brazil,Campinas,Financial Services
126,Monzo,5.07,2018-10-31,United Kingdom,London,Financial Services
127,C6 Bank,5.05,2020-12-02,Brazil,Sao Paulo,Financial Services
128,Redwood Materials,5.0,2021-07-28,United States,Carson City,Industrials
129,Hello TransTech,5.0,2018-06-01,China,Shanghai,Industrials
130,Airwallex,5.5,2019-03-25,Australia,Melbourne,Financial Services
131,Mambu,5.5,2021-01-06,Netherlands,Amsterdam,Financial Services
132,Horizon Robotics,5.0,2019-02-27,China,Beijing,Industrials
133,Howden Group Holdings,5.0,2020-09-29,United Kingdom,London,Insurance
134,SambaNova Systems,5.0,2021-04-13,United States,Palo Alto,Enterprise Tech
135,ZEPZ,5.0,2021-08-23,United Kingdom,London,Financial Services
136,OakNorth Bank,5.0,2017-10-12,United Kingdom,London,Financial Services
137,Moon Active,5.0,2020-01-26,Israel,Tel Aviv,Media & Entertainment
138,OfBusiness,5.0,2021-07-31,India,Gurgaon,Industrials
139,Cockroach Labs,5.0,2021-01-12,United States,New York,Enterprise Tech
140,Pine Labs,5.0,2020-01-24,India,Noida,Financial Services
141,Qonto,5.0,2022-01-11,France,Paris,Enterprise Tech
142,Ola Electric Mobility,5.5,2019-07-02,India,Bengaluru,Industrials
143,Icertis,5.0,2019-07-17,United States,Bellevue,Enterprise Tech
144,Hopper,5.0,2021-03-24,Canada,Montreal,Consumer & Retail
145,VerSe Innovation,5.0,2020-12-22,India,Bengaluru,Media & Entertainment
146,ShareChat,5.0,2021-04-08,India,Bengaluru,Media & Entertainment
147,Coalition,5.0,2021-03-17,United States,San Francisco,Insurance
148,Grafana Labs,4.93,2021-03-25,United States,New York,Enterprise Tech
149,Meesho,3.5,2021-04-05,India,Bengaluru,Consumer & Retail
150,Cerebral,4.8,2021-06-10,United States,San Francisco,Healthcare & Life Sciences
151,Creditas,4.8,2020-12-18,Brazil,Sao Paulo,Financial Services
152,Reify Health,4.8,2021-08-10,United States,Boston,Healthcare & Life Sciences
153,Chipone,4.73,2021-12-16,China,Beijing,Industrials
154,BetterUp,4.7,2021-02-25,United States,San Francisco,Enterprise Tech
155,Pleo,4.7,2021-07-06,Denmark,Copenhagen,Enterprise Tech
156,SonarSource,4.7,2022-04-26,Switzerland,Geneva,Enterprise Tech
157,Lyra Health,5.85,2020-08-25,United States,Burlingame,Healthcare & Life Sciences
158,Ramp,5.8,2021-03-29,United States,New York,Enterprise Tech
159,Checkr,4.6,2019-09-19,United States,San Francisco,Enterprise Tech
160,Skims,4.0,2021-04-09,United States,Los Angeles,Consumer & Retail
161,Color,4.6,2021-01-04,United States,Burlingame,Healthcare & Life Sciences
162,Lendable,4.58,2021-03-31,United Kingdom,London,Financial Services
163,Vinted,4.53,2019-11-27,Lithuania,Vilnius,Consumer & Retail
164,VIPKid,4.5,2016-08-04,China,Beijing,Consumer & Retail
165,Socure,4.5,2021-03-16,United States,New York,Financial Services
166,wefox,4.5,2019-03-05,Germany,Berlin,Insurance
167,Lenskart,4.5,2019-12-20,India,Faridabad,Consumer & Retail
168,Hugging Face,4.5,2022-05-09,United States,New York,Enterprise Tech
169,Outreach,4.4,2019-04-16,United States,Seattle,Enterprise Tech
170,WeRide,4.4,2020-12-23,China,Guangzhou,Industrials
171,Guild Education,4.4,2019-11-13,United States,Denver,Enterprise Tech
172,Arctic Wolf Networks,4.3,2020-10-22,United States,Eden Prairie,Enterprise Tech
173,OutSystems,4.3,2018-06-05,United States,Boston,Enterprise Tech
174,Sorare,4.3,2021-09-21,France,Paris,Media & Entertainment
175,Zipline,4.2,2019-05-20,United States,South San Francisco,Industrials
176,Relativity,4.2,2020-11-23,United States,Inglewood,Industrials
177,Miaoshou Doctor,4.25,2019-06-27,China,Beijing,Healthcare & Life Sciences
178,ThoughtSpot,4.2,2018-05-08,United States,Sunnyvale,Enterprise Tech
179,Globalization Partners,4.2,2022-01-24,United States,Boston,Enterprise Tech
180,dbt Labs,4.2,2021-06-30,United States,Philadelphia,Enterprise Tech
181,SSENSE,4.15,2021-06-08,Canada,Montreal,Consumer & Retail
182,Dataminr,4.1,2018-06-04,United States,New York,Enterprise Tech
183,BitPanda,4.11,2021-03-16,Austria,Vienna,Financial Services
184,Weee!,4.1,2021-03-16,United States,Fremont,Consumer & Retail
185,Skydance Media,4.0,2020-02-11,United States,Santa Monica,Media & Entertainment
186,Houzz,4.0,2014-09-30,United States,Palo Alto,Consumer & Retail
187,Yello Mobile,4.0,2014-11-11,South Korea,Seoul,Consumer & Retail
188,Inflection AI,4.0,2022-05-13,United States,Palo Alto,Enterprise Tech
189,MEGVII,4.0,2017-10-31,China,Beijing,Enterprise Tech
190,Greensill,4.0,2018-07-16,United Kingdom,London,Financial Services
191,Impossible Foods,4.0,2019-05-13,United States,Redwood City,Consumer & Retail
192,Radiology Partners,4.0,2018-02-26,United States,El Segundo,Healthcare & Life Sciences
193,Next Insurance,4.0,2019-10-07,United States,Palo Alto,Insurance
194,PointClickCare,4.0,2021-01-07,Canada,Mississauga,Healthcare & Life Sciences
195,Zapier,4.0,2021-01-14,United States,Sunnyvale,Enterprise Tech
196,Clubhouse,4.0,2021-01-24,United States,San Francisco,Media & Entertainment
197,BrowserStack,4.0,2021-06-16,Ireland,Dublin,Enterprise Tech
198,Rubrik,4.0,2017-04-28,United States,Palo Alto,Enterprise Tech
199,Melio,4.0,2021-01-25,United States,New York,Financial Services
200,Vuori,4.0,2021-10-13,United States,Carlsbad,Consumer & Retail
201,ClickUp,4.0,2020-12-15,United States,San Diego,Enterprise Tech
202,Cerebras Systems,4.0,2018-11-14,United States,Los Altos,Enterprise Tech
203,Farmers Business Network,4.0,2020-08-03,United States,San Carlos,Industrials
204,Branch,4.0,2018-09-10,United States,Redwood City,Enterprise Tech
205,Aurora Solar,4.0,2021-05-24,United States,San Francisco,Industrials
206,Webflow,4.0,2021-01-13,United States,San Francisco,Enterprise Tech
207,Yuga Labs,4.0,2022-03-22,United States,Miami,Media & Entertainment
208,Digit Insurance,4.0,2021-01-15,India,Bengaluru,Insurance
209,Abnormal Security,4.0,2022-05-10,United States,San Francisco,Enterprise Tech
210,Medlinker,3.92,2018-07-31,China,Chengdu,Healthcare & Life Sciences
211,StockX,3.8,2019-06-26,United States,Detroit,Consumer & Retail
212,MessageBird,3.8,2020-10-08,Netherlands,Amsterdam,Enterprise Tech
213,Articulate,3.75,2021-07-01,United States,New York,Enterprise Tech
214,Dutchie,3.75,2021-03-16,United States,Bend,Consumer & Retail
215,Cohesity,3.7,2018-06-11,United States,San Jose,Enterprise Tech
216,Dataiku,3.7,2019-12-04,United States,New York,Enterprise Tech
217,GOAT,3.7,2020-09-23,United States,Culver City,Consumer & Retail
218,Noom,3.7,2021-05-24,United States,New York,Healthcare & Life Sciences
219,Papaya Global,3.7,2021-03-04,United States,New York,Enterprise Tech
220,Abogen,3.7,2021-11-29,China,Suzhou,Healthcare & Life Sciences
221,Harness,3.7,2021-01-14,United States,San Francisco,Enterprise Tech
222,Whatnot,3.7,2021-09-16,United States,Marina del Rey,Consumer & Retail
223,o9 Solutions,3.7,2020-04-28,United States,Dallas,Enterprise Tech
224,Autograph,3.66,2022-01-20,United States,Santa Monica,Media & Entertainment
225,Relativity,3.6,2021-03-18,United States,Chicago,Enterprise Tech
226,Whoop,3.6,2020-10-28,United States,Boston,Healthcare & Life Sciences
227,Course Hero,3.6,2020-02-12,United States,Redwood City,Consumer & Retail
228,SpotOn,3.6,2021-05-26,United States,San Francisco,Financial Services
229,Otto Bock HealthCare,3.52,2017-06-24,Germany,Duderstadt,Healthcare & Life Sciences
230,Indigo Ag,3.5,2017-09-26,United States,Boston,Industrials
231,eToro,3.5,2023-03-21,United Kingdom,London,Financial Services
232,HyalRoute,3.5,2020-05-26,Singapore,Singapore City,Industrials
233,Rec Room,3.5,2021-03-23,United States,Seattle,Media & Entertainment
234,Mirakl,3.5,2020-09-22,France,Paris,Consumer & Retail
235,Tekion,3.5,2020-10-21,United States,San Ramon,Industrials
236,GoStudent,3.5,2021-06-22,Austria,Vienna,Consumer & Retail
237,Highspot,3.5,2021-02-22,United States,Seattle,Enterprise Tech
238,Handshake,3.5,2021-05-12,United States,San Francisco,Enterprise Tech
239,ChargeBee Technologies,3.5,2021-04-20,United States,San Francisco,Financial Services
240,Flock Safety,3.5,2021-07-13,United States,Atlanta,Consumer & Retail
241,Helion Energy,3.5,2021-11-05,United States,Redmond,Industrials
242,Acronis,3.5,2019-09-18,Switzerland,Schaffhausen,Enterprise Tech
243,Unacademy,3.44,2020-09-02,India,Bengaluru,Consumer & Retail
244,Odoo,3.43,2021-07-29,Belgium,Louvain-la-Neuve,Enterprise Tech
245,MoonPay,3.4,2021-11-22,United States,Miami,Financial Services
246,Upstox,3.4,2021-11-29,India,Mumbai,Financial Services
247,Improbable,3.36,2017-05-11,United Kingdom,London,Media & Entertainment
248,Youxia Motors,3.35,2018-04-02,China,Shanghai,Industrials
249,OwnBackup,3.35,2021-01-28,United States,Englewood Cliffs,Enterprise Tech
250,Starburst,3.35,2021-01-06,United States,Boston,Enterprise Tech
251,Sila,3.3,2019-04-16,United States,Alameda,Industrials
252,Komodo Health,3.3,2020-05-22,United States,San Francisco,Healthcare & Life Sciences
253,Kurly,3.3,2021-07-09,South Korea,Seoul,Consumer & Retail
254,Cars24,3.3,2020-11-24,India,Gurgaon,Industrials
255,BlockDaemon,3.25,2021-09-21,United States,Los Angeles,Financial Services
256,Dadi Cinema,3.24,2016-05-11,China,Shenzhen,Media & Entertainment
257,Aiven,3.21,2021-10-18,Finland,Helsinki,Enterprise Tech
258,Thumbtack,3.2,2015-09-29,United States,San Francisco,Consumer & Retail
259,Cedar,3.2,2021-03-09,United States,New York,Healthcare & Life Sciences
260,Eruditus Executive Education,3.2,2021-08-12,India,Mumbai,Enterprise Tech
261,Blockstream,3.2,2021-08-24,Canada,Vancouver,Financial Services
262,Innovaccer,3.2,2021-02-19,United States,San Francisco,Healthcare & Life Sciences
263,Ironclad,3.2,2022-01-18,United States,Sacramento,Enterprise Tech
264,Eikon Therapeutics,3.2,2022-01-06,United States,Hayward,Healthcare & Life Sciences
265,Retool,3.2,2021-12-22,United States,San Francisco,Enterprise Tech
266,Verkada,3.2,2020-01-29,United States,San Mateo,Industrials
267,PsiQuantum,3.15,2021-07-27,United States,Palo Alto,Enterprise Tech
268,HighRadius,3.1,2020-01-07,United States,Houston,Financial Services
269,Bilt Rewards,3.1,2022-10-25,United States,New York,Financial Services
270,Nuvemshop,3.1,2021-08-17,Brazil,Sao Paulo,Consumer & Retail
271,LayerZero Labs,3.0,2022-03-30,United States,New York,Enterprise Tech
272,Nord Security,3.0,2022-04-07,Lithuania,Vilnius,Enterprise Tech
273,Yixia,3.0,2015-11-24,China,Beijing,Media & Entertainment
274,Traveloka,3.0,2017-01-01,Indonesia,Jakarta,Consumer & Retail
275,SouChe Holdings,3.0,2017-11-01,China,Hangzhou,Industrials
276,BGL Group,3.0,2017-11-24,United Kingdom,Peterborough,Insurance
277,Circle,3.0,2018-05-15,United States,Boston,Financial Services
278,Zuoyebang,3.0,2018-07-18,China,Beijing,Consumer & Retail
279,FlixMobility,3.0,2019-07-18,Germany,Munich,Industrials
280,Wildlife Studios,3.0,2019-12-05,Brazil,Sao Paulo,Media & Entertainment
281,ApplyBoard,3.2,2020-05-05,Canada,Kitchener,Consumer & Retail
282,Forter,3.0,2020-11-19,United States,New York,Enterprise Tech
283,Calendly,3.0,2021-01-26,United States,Atlanta,Enterprise Tech
284,BlockFi,3.0,2021-03-11,United States,Jersey City,Financial Services
285,ActiveCampaign,3.0,2021-04-21,United States,Chicago,Enterprise Tech
286,CMR Surgical,3.0,2019-09-17,United Kingdom,Cambridge,Healthcare & Life Sciences
287,Lucid Software,3.0,2021-06-29,United States,South Jordan,Enterprise Tech
288,Age of Learning,3.0,2016-05-03,United States,Glendale,Consumer & Retail
289,Carbon Health,3.0,2021-07-21,United States,San Francisco,Healthcare & Life Sciences
290,Contentful,3.0,2021-07-28,Germany,Berlin,Enterprise Tech
291,LaunchDarkly,3.0,2021-08-10,United States,Oakland,Enterprise Tech
292,Seismic,3.0,2018-12-18,United States,San Diego,Enterprise Tech
293,Sky Mavis,3.0,2021-10-04,Vietnam,Ho Chi Minh City,Media & Entertainment
294,Outschool,3.0,2021-04-14,United States,San Francisco,Consumer & Retail
295,TradingView,3.0,2021-10-14,United States,Westerville,Financial Services
296,Groww,3.0,2021-04-07,India,Bengaluru,Financial Services
297,Podium,3.0,2020-04-07,United States,Lehi,Consumer & Retail
298,Via,3.5,2020-03-30,United States,New York,Industrials
299,Anchorage Digital,3.0,2021-12-15,United States,San Francisco,Financial Services
300,Inxeption,3.0,2022-01-13,United States,San Francisco,Industrials
301,Lattice,3.0,2021-03-23,United States,San Francisco,Enterprise Tech
302,Flutterwave,3.0,2021-03-09,United States,San Francisco,Financial Services
303,Amber Group,3.0,2021-06-21,Singapore,Singapore City,Financial Services
304,Cross River Bank,3.0,2022-02-11,United States,Fort Lee,Financial Services
305,Remote,3.0,2021-07-13,United States,San Francisco,Enterprise Tech
306,Sentry,3.0,2021-02-18,United States,San Francisco,Enterprise Tech
307,Kraken,2.92,2019-06-25,United States,San Francisco,Financial Services
308,Workrise,2.9,2019-09-30,United States,Austin,Industrials
309,BharatPe,2.85,2021-07-30,India,New Delhi,Financial Services
310,Gokin Solar,2.88,2022-04-13,China,Zhuhai,Industrials
311,DriveWealth,2.85,2021-08-20,United States,Chatham,Financial Services
312,Alan,2.85,2021-04-19,France,Paris,Healthcare & Life Sciences
313,Meicai,2.8,2016-06-22,China,Beijing,Consumer & Retail
314,Nutrabolt,2.79,2022-12-08,United States,Austin,Consumer & Retail
315,Graphcore,2.77,2018-12-18,United Kingdom,Bristol,Enterprise Tech
316,Illumio,2.75,2015-04-14,United States,Sunnyvale,Enterprise Tech
317,MasterClass,2.75,2021-05-13,United States,San Francisco,Media & Entertainment
318,Dream Games,2.75,2021-06-30,Turkey,Istanbul,Media & Entertainment
319,Transmit Security,2.74,2021-06-22,Israel,Tel Aviv,Enterprise Tech
320,Hozon Auto,3.95,2022-02-22,China,Shanghai,Industrials
321,Tradeshift,2.7,2018-05-30,United States,San Francisco,Enterprise Tech
322,Nextiva,2.7,2021-09-14,United States,Scottsdale,Enterprise Tech
323,Tridge,2.7,2022-08-24,South Korea,Seoul,Industrials
324,Thought Machine,2.7,2021-11-29,United Kingdom,London,Financial Services
325,Starling Bank,2.69,2021-03-08,United Kingdom,London,Financial Services
326,Figure,2.68,2024-02-23,United States,Sunnyvale,Industrials
327,BackBase,2.66,2022-06-09,Netherlands,Amsterdam,Financial Services
328,ManoMano,2.6,2021-07-05,France,Paris,Consumer & Retail
329,Sourcegraph,2.62,2021-07-13,United States,San Francisco,Enterprise Tech
330,Pendo,2.6,2019-10-17,United States,Raleigh,Enterprise Tech
331,Plume,2.6,2021-02-23,United States,Palo Alto,Industrials
332,Moglix,2.6,2021-05-17,Singapore,Singapore City,Industrials
333,Axonius,2.6,2021-03-01,United States,New York,Enterprise Tech
334,Xinchao Media,2.0,2018-04-09,China,Chengdu,Media & Entertainment
335,JumpCloud,2.62,2021-09-13,United States,Louisville,Enterprise Tech
336,Unico,2.6,2021-08-03,Brazil,Sao Paulo,Enterprise Tech
337,Bending Spoons,2.55,2024-02-15,Italy,Milan,Consumer & Retail
338,Oura,2.55,2022-04-05,Finland,Oulu,Healthcare & Life Sciences
339,JUST Egg,2.59,2017-11-30,United States,San Francisco,Consumer & Retail
340,Cribl,2.5,2021-08-25,United States,San Francisco,Enterprise Tech
341,Jetti Resources,2.5,2022-10-24,United States,Boulder,Industrials
342,ChaBaiDao,2.52,2023-06-09,China,Chengdu,Consumer & Retail
343,Claroty,2.5,2021-06-17,United States,New York,Enterprise Tech
344,AlphaSense,2.5,2022-06-15,United States,New York,Enterprise Tech
345,Moonshot AI,2.5,2024-02-19,China,Beijing,Consumer & Retail
346,Vista Global,2.5,2017-08-23,United Arab Emirates,Dubai,Industrials
347,BYTON,2.5,2018-04-20,China,Nanjing,Industrials
348,Side,2.5,2021-03-22,United States,San Francisco,Financial Services
349,Spring Health,2.5,2021-09-16,United States,New York,Healthcare & Life Sciences
350,Infra.Market,2.5,2021-02-25,India,Thane,Industrials
351,Varo Bank,2.5,2021-09-09,United States,San Francisco,Financial Services
352,Cato Networks,3.0,2020-11-17,Israel,Tel Aviv,Enterprise Tech
353,Aura,2.5,2021-06-09,United States,Burlington,Consumer & Retail
354,Vercel,2.5,2021-06-23,United States,San Francisco,Enterprise Tech
355,Sysdig,2.5,2021-04-28,United States,San Francisco,Enterprise Tech
356,Zetwerk,2.8,2021-08-20,India,Bengaluru,Industrials
357,Uniphore,2.5,2022-02-16,United States,Palo Alto,Enterprise Tech
358,Somatus,2.5,2022-02-23,United States,McLean,Healthcare & Life Sciences
359,Immutable,2.5,2022-03-07,Australia,Sydney,Media & Entertainment
360,A24 Films,2.5,2022-03-09,United States,New York,Media & Entertainment
361,SiFive,2.5,2022-03-16,United States,San Mateo,Enterprise Tech
362,Games24x7,2.5,2022-03-30,India,Mumbai,Media & Entertainment
363,Fetch,2.5,2021-03-31,United States,Madison,Consumer & Retail
364,Coda Payments,2.5,2022-04-15,Singapore,Singapore City,Financial Services
365,DriveNets,2.5,2021-01-27,Israel,Ra'anana,Enterprise Tech
366,Hibob,2.45,2021-10-12,Israel,Tel Aviv,Enterprise Tech
367,Uala,2.45,2021-08-13,Argentina,Buenos Aires,Financial Services
368,Mobile Premier League,2.45,2021-09-15,India,Bengaluru,Media & Entertainment
369,insitro,2.44,2021-03-15,United States,South San Francisco,Healthcare & Life Sciences
370,Cgtz,2.41,2017-02-21,China,Hangzhou,Financial Services
371,Star Charge,2.41,2021-05-19,China,Changzhou,Industrials
372,Carbon,2.4,2015-08-20,United States,Redwood City,Industrials
373,Rokt,2.4,2021-12-16,United States,New York,Consumer & Retail
374,Paxos,2.4,2021-04-29,United States,New York,Financial Services
375,Exabeam,2.4,2021-06-01,United States,Foster City,Enterprise Tech
376,BitSight Technologies,2.4,2021-09-13,United States,Boston,Enterprise Tech
377,Trumid,2.4,2020-07-15,United States,New York,Financial Services
378,ABL Space Systems,2.4,2021-03-25,United States,El Segundo,Industrials
379,HoneyBook,2.4,2021-05-04,United States,San Francisco,Enterprise Tech
380,Beta Technologies,2.4,2022-04-19,United States,South Burlington,Industrials
381,Project44,2.62,2021-06-01,United States,Chicago,Enterprise Tech
382,Freenome,2.62,2020-08-26,United States,South San Francisco,Healthcare & Life Sciences
383,ManyPets,2.35,2021-06-01,United Kingdom,London,Insurance
384,Jobandtalent,2.35,2021-12-01,Spain,Madrid,Enterprise Tech
385,WEMAKEPRICE,2.34,2015-09-09,South Korea,Seoul,Consumer & Retail
386,Biren Technology,2.32,2020-08-18,China,Shanghai,Enterprise Tech
387,Glean,2.2,2022-05-18,United States,Palo Alto,Enterprise Tech
388,Voodoo,2.31,2020-08-17,France,Paris,Media & Entertainment
389,Shield AI,2.8,2021-08-24,United States,San Diego,Industrials
390,Uptake,2.3,2015-10-27,United States,Chicago,Industrials
391,Motive,2.85,2019-04-23,United States,San Francisco,Industrials
392,Greenlight,2.3,2020-09-24,United States,Atlanta,Financial Services
393,MoMo,2.27,2021-12-10,Vietnam,Ho Chi Minh City,Financial Services
394,Algolia,2.25,2021-07-28,United States,San Francisco,Enterprise Tech
395,Pattern,2.25,2021-10-06,United States,Lehi,Consumer & Retail
396,Newfront Insurance,2.2,2022-04-12,United States,San Francisco,Insurance
397,NuCom Group,2.2,2018-02-22,Germany,Unterfoehring,Consumer & Retail
398,Skydio,2.2,2021-02-25,United States,Redwood City,Industrials
399,MUSINSA,2.76,2019-11-11,South Korea,Seoul,Consumer & Retail
400,Current,2.2,2021-04-27,United States,New York,Financial Services
401,Bitso,2.2,2021-05-05,Mexico,Mexico City,Financial Services
402,Gympass,2.4,2019-06-12,United States,New York,Healthcare & Life Sciences
403,Dialpad,2.2,2020-10-06,United States,San Francisco,Enterprise Tech
404,G7 Networks,2.2,2022-02-15,China,Beijing,Industrials
405,BloomReach,2.2,2022-02-23,United States,Mountain View,Consumer & Retail
406,Motif FoodWorks,2.2,2021-06-16,United States,Boston,Industrials
407,Accelerant,2.4,2022-01-12,United Kingdom,Colchester,Insurance
408,YITU Technology,2.17,2018-03-08,China,Shanghai,Enterprise Tech
409,Addepar,2.17,2021-06-15,United States,Mountain View,Financial Services
410,Qualia,2.17,2020-12-21,United States,San Francisco,Financial Services
411,Neo4j,2.0,2021-06-17,United States,San Mateo,Enterprise Tech
412,CloudWalk,2.15,2021-09-08,Brazil,Sao Paulo,Financial Services
413,CoinDCX,2.15,2021-08-10,India,Maharashtra,Financial Services
414,Eightfold,2.1,2020-10-27,United States,Santa Clara,Enterprise Tech
415,Urban Company,2.1,2021-04-27,India,Gurgaon,Consumer & Retail
416,Moveworks,2.1,2021-06-30,United States,Mountain View,Enterprise Tech
417,Medable,2.1,2021-10-26,United States,Palo Alto,Healthcare & Life Sciences
418,GoCardless,2.1,2022-02-08,United Kingdom,London,Financial Services
419,Aledade,3.5,2021-01-19,United States,Bethesda,Healthcare & Life Sciences
420,FirstCry,3.75,2020-02-07,India,Pune,Consumer & Retail
421,Forto,2.1,2021-06-21,Germany,Berlin,Industrials
422,Jeeves,2.1,2022-03-14,United States,Orlando,Enterprise Tech
423,Viva Wallet,2.05,2022-12-17,Greece,Athens,Financial Services
424,CoreWeave,2.22,2023-04-20,United States,Roseland,Enterprise Tech
425,Mistral AI,2.0,2023-12-10,France,Paris,Enterprise Tech
426,Babel Finance,2.0,2022-05-25,Hong Kong,Hong Kong,Financial Services
427,Trendy Group International,2.0,2012-02-13,Hong Kong,Kowloon,Consumer & Retail
428,GrubMarket,2.0,2021-09-14,United States,San Francisco,Consumer & Retail
429,BeZero,2.0,2022-11-14,United Kingdom,London,Enterprise Tech
430,Cohere,2.0,2023-05-02,Canada,Toronto,Enterprise Tech
431,GO1,2.0,2021-07-19,Australia,Brisbane,Enterprise Tech
432,Clear Street,2.0,2022-04-29,United States,New York,Financial Services
433,Drata,2.0,2021-11-08,United States,San Diego,Enterprise Tech
434,Mysten Labs,2.0,2022-09-08,United States,San Francisco,Enterprise Tech
435,Avant,2.0,2012-12-17,United States,Chicago,Financial Services
436,Tubatu.com,2.0,2015-03-09,China,Shenzhen,Consumer & Retail
437,BlaBlaCar,2.0,2015-09-16,France,Paris,Consumer & Retail
438,HuiMin,2.0,2016-09-05,China,Beijing,Consumer & Retail
439,Preferred Networks,2.0,2018-05-17,Japan,Tokyo,Industrials
440,Formlabs,2.0,2018-08-01,United States,Somerville,Industrials
441,Calm,2.0,2019-02-06,United States,San Francisco,Healthcare & Life Sciences
442,Kaseya,2.0,2019-03-27,United States,Miami,Enterprise Tech
443,Mafengwo,2.0,2019-05-23,China,Beijing,Consumer & Retail
444,Druva,2.0,2019-06-20,United States,Sunnyvale,Enterprise Tech
445,Kujiale,2.0,2019-10-25,China,Hangzhou,Consumer & Retail
446,AppsFlyer,2.0,2020-01-21,United States,San Francisco,Enterprise Tech
447,Redis,2.0,2020-08-25,United States,Mountain View,Enterprise Tech
448,Xingyun Group,2.0,2020-09-24,China,Shenzhen,Consumer & Retail
449,Unqork,2.0,2020-10-06,United States,New York,Insurance
450,Virta Health,2.0,2020-12-02,United States,San Francisco,Healthcare & Life Sciences
451,ISN,2.0,2020-12-17,United States,Dallas,Industrials
452,Earnix,2.0,2021-02-21,Israel,Giv'atayim,Insurance
453,Clearco,2.0,2021-04-20,Canada,Toronto,Financial Services
454,Hive,2.0,2021-04-21,United States,San Francisco,Enterprise Tech
455,Kry,2.0,2021-04-27,Sweden,Stockholm,Healthcare & Life Sciences
456,Kajabi,2.0,2021-05-04,United States,Irvine,Media & Entertainment
457,Ethos,2.7,2021-05-11,United States,San Francisco,Insurance
458,PayFit,2.1,2022-01-06,United Kingdom,London,Enterprise Tech
459,Beisen,2.0,2021-05-11,China,Beijing,Enterprise Tech
460,Pipe,2.0,2021-05-19,United States,Miami,Financial Services
461,Iterable,2.0,2021-06-15,United States,San Francisco,Enterprise Tech
462,Astronergy,1.82,2023-07-25,China,Haining,Industrials
463,Helsing,1.82,2023-09-14,Germany,Munchen,Enterprise Tech
464,Bunq,1.8,2021-06-18,Netherlands,Amsterdam,Financial Services
465,Quest Global,1.8,2023-08-08,Singapore,Singapore City,Industrials
466,Clip,2.0,2021-06-10,Mexico,Mexico City,Financial Services
467,Loggi,2.0,2019-06-05,Brazil,Sao Paulo,Industrials
468,MURAL,2.0,2021-07-20,United States,San Francisco,Enterprise Tech
469,OCSiAl,2.0,2019-03-04,Luxembourg,Leudelange,Industrials
470,XtalPi,2.0,2021-08-11,China,Shenzhen,Healthcare & Life Sciences
471,Divvy Homes,2.0,2021-08-13,United States,San Francisco,Financial Services
472,Apeel Sciences,2.0,2020-05-26,United States,Goleta,Consumer & Retail
473,Opay,2.0,2021-08-23,Nigeria,Lagos,Financial Services
474,Aviatrix,2.0,2021-09-08,United States,Santa Clara,Enterprise Tech
475,SmartNews,2.0,2019-08-05,Japan,Tokyo,Media & Entertainment
476,Misfits Market,2.0,2021-04-21,United States,Pennsauken,Consumer & Retail
477,Black Sesame Technologies,2.0,2021-09-22,China,Shanghai,Industrials
478,Advance Intelligence Group,2.0,2021-09-23,Singapore,Singapore City,Financial Services
479,Modern Treasury,2.0,2021-10-06,United States,San Francisco,Financial Services
480,Magic Leap,2.0,2014-10-21,United States,Plantation,Enterprise Tech
481,ClickHouse,2.0,2021-10-28,United States,Portola Valley,Enterprise Tech
482,Everlaw,2.0,2020-03-10,United States,Oakland,Enterprise Tech
483,Zilch,2.0,2021-11-10,United Kingdom,London,Financial Services
484,VerbIT,2.0,2021-06-08,United States,New York,Enterprise Tech
485,StarkWare,8.0,2021-11-17,Israel,Netanya,Enterprise Tech
486,Netlify,2.0,2021-11-17,United States,San Francisco,Enterprise Tech
487,SWORD Health,2.0,2021-11-22,United States,New York,Healthcare & Life Sciences
488,LTK,2.0,2021-11-22,United States,Dallas,Media & Entertainment
489,Trax,2.0,2019-07-22,Singapore,Singapore City,Consumer & Retail
490,Exotec,2.0,2022-01-17,France,Croix,Industrials
491,Dremio,2.0,2021-01-06,United States,Santa Clara,Enterprise Tech
492,Akulaku,2.0,2022-02-15,Indonesia,Jakarta,Financial Services
493,Cloudinary,2.0,2022-02-15,United States,Santa Clara,Media & Entertainment
494,Lunar,2.0,2021-07-12,Denmark,Aarhus,Financial Services
495,UpGrad,2.25,2021-08-09,India,Mumbai,Consumer & Retail
496,Salsify,2.0,2022-04-13,United States,Boston,Consumer & Retail
497,CertiK,2.0,2022-03-31,United States,New York,Enterprise Tech
498,ROX Motor,2.0,2022-04-29,China,Shanghai,Industrials
499,Devo Technology,2.0,2021-10-26,United States,Cambridge,Enterprise Tech
500,ShiftKey,2.0,2023-01-11,United States,Dallas,Healthcare & Life Sciences
501,Rimac Automobili,2.0,2022-06-01,Croatia,Sveta Nedelja,Industrials
502,Geek+,2.0,2018-11-21,China,Beijing,Industrials
503,21.co,2.0,2022-09-06,United States,New York,Financial Services
504,Solugen,2.0,2021-09-10,United States,Houston,Industrials
505,ZigBang,1.93,2022-06-07,South Korea,Seoul,Financial Services
506,Ankorstore,1.98,2022-01-10,France,Paris,Consumer & Retail
507,InVision,1.9,2017-11-01,United States,New York,Enterprise Tech
508,eDaili,1.9,2019-02-01,China,Shanghai,Financial Services
509,commercetools,1.9,2021-09-13,Germany,Munich,Enterprise Tech
510,NinjaOne,1.9,2024-02-06,United States,Austin,Enterprise Tech
511,MX,1.9,2021-01-13,United States,Lehi,Financial Services
512,CoinSwitch,1.9,2021-10-06,India,Bangalore,Financial Services
513,Acorns,1.9,2022-03-09,United States,Irvine,Financial Services
514,Fever,1.96,2022-01-26,United States,New York,Media & Entertainment
515,Roofstock,1.94,2022-03-10,United States,Oakland,Financial Services
516,thatgamecompany,1.94,2022-03-03,United States,Los Angeles,Media & Entertainment
517,ConcertAI,1.9,2022-03-29,United States,Boston,Healthcare & Life Sciences
518,Material Bank,1.9,2022-05-06,United States,Boca Raton,Industrials
519,Volocopter,1.87,2022-03-04,Germany,Bruchsal,Industrials
520,ENOVATE,1.85,2019-04-15,China,Shanghai,Industrials
521,MEGAZONE,1.83,2022-08-16,South Korea,Seoul,Enterprise Tech
522,CFGI,1.85,2021-09-15,United States,Boston,Financial Services
523,ZocDoc,1.8,2015-08-20,United States,New York,Healthcare & Life Sciences
524,Scroll,1.8,2023-03-14,Seychelles,Victoria,Financial Services
525,Diamond Foundry,1.8,2021-03-29,United States,San Francisco,Industrials
526,Quantexa,1.8,2023-04-03,United Kingdom,London,Enterprise Tech
527,FullStory,1.8,2021-08-04,United States,Atlanta,Enterprise Tech
528,Lightricks,1.8,2019-07-31,Israel,Jerusalem,Media & Entertainment
529,Opentrons,1.8,2021-09-23,United States,New York,Healthcare & Life Sciences
530,Kindbody,1.8,2023-03-02,United States,Kindbody,Healthcare & Life Sciences
531,Slice,1.8,2021-11-28,India,Bengaluru,Financial Services
532,Cambrian BioPharma,1.79,2021-10-26,United States,Brooklyn,Healthcare & Life Sciences
533,AIWAYS,1.78,2018-04-16,China,Shanghai,Industrials
534,Trulioo,1.75,2021-06-07,Canada,Vancouver,Financial Services
535,BitGo,1.75,2023-08-16,United States,Palo Alto,Financial Services
536,Spinny,1.75,2021-11-24,India,Gurugram,Industrials
537,Crusoe,1.75,2022-04-21,United States,Denver,Industrials
538,Orca Security,1.8,2021-03-23,United States,Portland,Enterprise Tech
539,Apus Group,1.73,2015-01-16,China,Beijing,Consumer & Retail
540,Razor,1.7,2021-11-08,Germany,Berlin,Consumer & Retail
541,Micro Connect,1.7,2023-08-02,Hong Kong,Hong Kong,Financial Services
542,DailyPay,1.7,2021-05-18,United States,New York,Financial Services
543,Udaan,1.7,2018-09-04,India,Bengaluru,Consumer & Retail
544,Harry's,1.7,2018-02-16,United States,New York,Consumer & Retail
545,PAX,1.7,2018-10-22,United States,San Francisco,Consumer & Retail
546,DispatchHealth,1.7,2021-03-03,United States,Denver,Healthcare & Life Sciences
547,Pax8,1.7,2022-04-11,United States,Greenwood Village,Enterprise Tech
548,Multiverse,1.7,2022-06-08,United Kingdom,London,Enterprise Tech
549,Front,1.7,2022-06-28,United States,San Francisco,Enterprise Tech
550,Redesign Health,1.7,2022-09-13,United States,New York,Healthcare & Life Sciences
551,Tessera Therapeutics,1.69,2022-04-19,United States,Cambridge,Healthcare & Life Sciences
552,Ascend Elements,1.67,2023-09-06,United States,Westborough,Industrials
553,Uniswap,1.66,2022-10-13,United States,New York,Financial Services
554,Kredivo Holdings,1.66,2022-08-15,Singapore,Singapore City,Financial Services
555,Unite Us,1.6,2021-03-16,United States,New York,Healthcare & Life Sciences
556,CircleCI,1.7,2021-05-11,United States,San Francisco,Enterprise Tech
557,Wave,1.7,2021-09-07,Senegal,Dakar,Financial Services
558,Dragos,1.7,2021-10-28,United States,Hanover,Industrials
559,Reltio,1.7,2021-11-04,United States,Redwood City,Enterprise Tech
560,H2O.ai,1.7,2021-11-07,United States,Mountain View,Enterprise Tech
561,ZenBusiness,1.7,2021-11-09,United States,Austin,Enterprise Tech
562,Carsome,1.7,2021-07-12,Malaysia,Selangor,Industrials
563,Productboard,1.73,2022-02-02,United States,San Francisco,Enterprise Tech
564,Spotter,1.7,2022-02-16,United States,Los Angeles,Financial Services
565,Optimism,1.65,2022-03-17,United States,San Francisco,Enterprise Tech
566,Incredible Health,1.65,2022-08-17,United States,San Francisco,Healthcare & Life Sciences
567,Jusfoun Big Data,1.62,2018-07-09,China,Beijing,Enterprise Tech
568,Transcarent,1.62,2022-01-11,United States,San Francisco,Healthcare & Life Sciences
569,DealShare,1.7,2022-01-27,India,Bengaluru,Consumer & Retail
570,Zhubajie,1.61,2015-06-16,China,Chongqing,Enterprise Tech
571,Solaris,1.6,2021-07-13,Germany,Berlin,Financial Services
572,Apollo,1.6,2023-08-29,United States,Covina,Enterprise Tech
573,DataStax,1.6,2021-05-26,United States,Santa Clara,Enterprise Tech
574,Infinidat,1.6,2015-04-29,United States,Waltham,Enterprise Tech
575,Afiniti,1.6,2017-04-14,Bermuda,Hamilton,Enterprise Tech
576,Cao Cao Mobility,1.6,2018-01-17,China,Hangzhou,Industrials
577,Clari,2.6,2021-03-03,United States,Sunnyvale,Enterprise Tech
578,Clio,1.6,2021-04-27,Canada,Burnaby,Enterprise Tech
579,SafetyCulture,1.76,2021-05-03,Australia,Sydney,Industrials
580,Monte Carlo,1.6,2022-05-24,United States,San Francisco,Enterprise Tech
581,Cresta,1.6,2022-03-17,United States,San Francisco,Enterprise Tech
582,Extend,1.36,2021-05-18,United States,San Francisco,Insurance
583,Employment Hero,1.37,2023-10-18,Australia,Sydney,Enterprise Tech
584,Generate Biomedicines,1.36,2021-11-18,United States,Cambridge,Healthcare & Life Sciences
585,Lambda Labs,1.5,2023-10-05,United States,San Francisco,Enterprise Tech
586,Cognite,1.5,2021-05-19,Norway,Lysaker,Industrials
587,ASAPP,1.6,2021-05-19,United States,New York,Enterprise Tech
588,SmartHR,1.6,2021-06-08,Japan,Tokyo,Enterprise Tech
589,Mercury,1.6,2021-07-03,United States,San Francisco,Financial Services
590,HomeLight,1.7,2021-09-02,United States,San Francisco,Financial Services
591,Truepill,1.6,2021-10-27,United States,Hayward,Healthcare & Life Sciences
592,ezCater,1.6,2019-04-02,United States,Boston,Consumer & Retail
593,Wayflyer,1.6,2022-02-01,Ireland,Dublin,Financial Services
594,Capitolis,1.6,2022-03-22,United States,New York,Financial Services
595,Vanta,1.6,2022-06-07,United States,San Francisco,Enterprise Tech
596,Magic Eden,1.6,2022-06-21,United States,San Francisco,Media & Entertainment
597,Pave,1.6,2022-06-28,United States,San Francisco,Enterprise Tech
598,Astranis,1.6,2021-04-14,United States,San Francisco,Industrials
599,Promasidor Holdings,1.59,2016-11-08,South Africa,Bryanston,Consumer & Retail
600,GalaxySpace,1.58,2020-11-17,China,Beijing,Industrials
601,Icon,1.57,2022-02-18,United States,Austin,Industrials
602,Fresh Life Style Supply Chain Management,1.57,2022-03-11,China,Chengdu,Consumer & Retail
603,Alloy,1.55,2021-09-30,United States,New York,Financial Services
604,Baiwang,1.55,2019-03-25,China,Beijing,Enterprise Tech
605,Iluvatar CoreX,1.55,2021-03-01,China,Shanghai,Enterprise Tech
606,Wenheyou,1.55,2021-04-17,China,Hunan,Consumer & Retail
607,Kitopi,1.55,2021-07-01,United Arab Emirates,Dubai,Consumer & Retail
608,Ximalaya FM,1.52,2017-09-22,China,Shanghai,Media & Entertainment
609,Carzone,1.52,2019-03-01,China,Jiangsu,Industrials
610,Tabby,1.5,2023-11-01,United Arab Emirates,Dubai,Financial Services
611,Runway,1.5,2023-05-04,United States,New York,Media & Entertainment
612,OpenWeb,1.5,2021-11-09,United States,New York,Media & Entertainment
613,bolttech,1.5,2021-07-01,Singapore,Singapore City,Insurance
614,First Mode,1.5,2022-12-07,United States,Seattle,Industrials
615,Mu Sigma,1.5,2013-02-07,United States,Northbrook,Enterprise Tech
616,Kushki,1.5,2022-06-07,Ecuador,Quito,Financial Services
617,Jasper,1.5,2022-10-17,United States,Austin,Enterprise Tech
618,Orna Therapeutics,1.5,2022-08-16,United States,Cambridge,Healthcare & Life Sciences
619,TuJia,1.5,2015-06-17,China,Beijing,Consumer & Retail
620,Mofang Living,1.5,2016-04-13,China,Shanghai,Consumer & Retail
621,Gett,1.5,2016-05-24,United Kingdom,London,Industrials
622,DT Dream,1.5,2017-06-08,China,Hangzhou,Enterprise Tech
623,Changingedu,1.5,2017-10-30,China,Shanghai,Consumer & Retail
624,XiaoZhu,1.5,2017-11-01,China,Beijing,Consumer & Retail
625,JOLLY Information Technology,1.5,2018-05-29,China,Hangzhou,Consumer & Retail
626,Yijiupi,1.5,2018-09-20,China,Beijing,Consumer & Retail
627,Cambridge Mobile Telematics,1.5,2018-12-19,United States,Cambridge,Insurance
628,Collective Health,1.5,2019-06-17,United States,San Francisco,Healthcare & Life Sciences
629,Strava,1.5,2020-11-16,United States,San Francisco,Healthcare & Life Sciences
630,Zenoti,1.5,2020-12-15,United States,Bellevue,Consumer & Retail
631,K Health,1.5,2021-01-19,United States,New York,Healthcare & Life Sciences
632,Uplight,1.5,2021-03-03,United States,Boulder,Industrials
633,ID.me,1.5,2021-03-19,United States,McLean,Consumer & Retail
634,Snapdocs,1.5,2021-05-25,United States,San Francisco,Financial Services
635,Chipper Cash,2.0,2021-05-31,United States,San Francisco,Financial Services
636,SHIFT UP,1.47,2023-10-27,South Korea,Seoul,Media & Entertainment
637,Ledger,1.47,2021-06-10,France,Paris,Financial Services
638,Next Silicon,1.5,2021-06-14,Israel,Tel Aviv,Enterprise Tech
639,YQNlink,1.5,2021-06-29,China,Shanghai,Industrials
640,impact.com,1.5,2021-07-13,United States,Santa Barbara,Enterprise Tech
641,SmartRecruiters,1.5,2021-07-20,United States,San Francisco,Enterprise Tech
642,NotCo,1.5,2021-07-26,Chile,Santiago,Consumer & Retail
643,Culture Amp,1.5,2021-07-29,Australia,Richmond,Enterprise Tech
644,TaxBit,1.5,2021-08-04,United States,Draper,Financial Services
645,Pacaso,1.5,2021-03-24,United States,Cincinnati,Financial Services
646,1047 Games,1.5,2021-09-14,United States,Zephyr Cove,Media & Entertainment
647,Matillion,1.5,2021-09-15,United Kingdom,Altrincham,Enterprise Tech
648,Persona,1.5,2021-09-15,United States,San Francisco,Enterprise Tech
649,Ascend Money,1.5,2021-09-27,Thailand,Bangkok,Financial Services
650,Andela,1.5,2021-09-29,United States,New York,Enterprise Tech
651,Built,1.5,2021-09-30,United States,Nashville,Financial Services
652,CoinList,1.5,2021-10-15,United States,San Francisco,Financial Services
653,Lusha,1.5,2021-11-10,United States,New York,Enterprise Tech
654,cult.fit,1.5,2021-11-10,India,Bengaluru,Healthcare & Life Sciences
655,Olist,1.5,2021-12-15,Brazil,Curitiba,Consumer & Retail
656,Paradox,1.5,2021-12-27,United States,Scottsdale,Enterprise Tech
657,Airbyte,1.5,2021-12-17,United States,San Francisco,Enterprise Tech
658,StoreDot,1.5,2022-01-04,Israel,Herzliya,Industrials
659,Spendesk,1.5,2022-01-18,France,Paris,Enterprise Tech
660,Veriff,1.5,2022-01-26,Estonia,Tallinn,Enterprise Tech
661,ElasticRun,1.5,2022-02-07,India,Pune,Industrials
662,Veho,1.5,2021-12-21,United States,Boulder,Consumer & Retail
663,Temporal,1.5,2022-02-16,United States,Bellevue,Enterprise Tech
664,Fabric,1.5,2022-02-24,United States,Bellevue,Consumer & Retail
665,Zeta,1.5,2021-05-24,United States,San Francisco,Financial Services
666,Boba,1.5,2022-04-05,United States,San Francisco,Enterprise Tech
667,Upside,1.5,2022-04-26,United States,DC,Consumer & Retail
668,Mashgin,1.5,2022-05-09,United States,Palo Alto,Consumer & Retail
669,Dock,1.5,2022-05-12,Brazil,Sao Paulo,Financial Services
670,Prometheus,1.5,2021-09-23,United States,Santa Cruz,Industrials
671,5ire,1.5,2022-07-15,United Kingdom,London,Enterprise Tech
672,Yipin Shengxian,1.49,2019-03-11,China,Hefei,Consumer & Retail
673,Bordrin Motors,1.48,2019-06-03,China,Shanghai,Industrials
674,Arcadia,1.48,2022-05-10,United States,DC,Enterprise Tech
675,VTS,1.47,2019-05-07,United States,New York,Financial Services
676,Shukun Technology,1.46,2021-08-16,China,Beijing,Healthcare & Life Sciences
677,Huasun,1.46,2023-01-19,China,Xuancheng,Industrials
678,Loft,1.46,2020-01-03,Brazil,Sao Paulo,Financial Services
679,Coocaa,1.45,2018-03-16,China,Shenzhen,Media & Entertainment
680,Juma Peisong,1.45,2018-11-26,China,Chengdu,Industrials
681,Ouyeel,1.45,2019-06-27,China,Shanghai,Industrials
682,Gymshark,1.45,2020-08-14,United Kingdom,Solihull,Consumer & Retail
683,M1,1.45,2021-07-14,United States,Chicago,Financial Services
684,Aleo,1.45,2022-02-07,United States,San Francisco,Enterprise Tech
685,Einride,1.44,2021-12-31,Sweden,Stockholm,Industrials
686,Justworks,1.43,2020-01-28,United States,New York,Enterprise Tech
687,Valgen Medtech,1.43,2021-05-06,China,Hangzhou,Healthcare & Life Sciences
688,SonderMind,1.42,2021-07-28,United States,Denver,Healthcare & Life Sciences
689,Fox Ess,1.4,2023-05-26,China,Wenzhou,Industrials
690,Zepto,1.4,2023-08-25,India,Mumbai,Consumer & Retail
691,Amagi,1.4,2022-03-16,India,Bengaluru,Media & Entertainment
692,Liquid Death,1.4,2024-03-11,United States,Santa Monica,Consumer & Retail
693,Papa,1.4,2021-11-04,United States,Miami,Healthcare & Life Sciences
694,Xpressbees,1.4,2022-02-09,India,Pune,Consumer & Retail
695,Figment,1.4,2021-12-20,Canada,Toronto,Financial Services
696,Envoy,1.4,2022-01-11,United States,San Francisco,Enterprise Tech
697,Deliverect,1.4,2022-01-24,Belgium,Ghent,Consumer & Retail
698,SparkCognition,1.4,2022-01-25,United States,Austin,Enterprise Tech
699,Liquidity,1.4,2023-02-20,Israel,Tel Aviv,Financial Services
700,Firebolt,1.4,2022-01-26,Israel,Tel Aviv,Enterprise Tech
701,AI21 Labs,1.4,2023-08-30,Israel,Tel Aviv,Enterprise Tech
702,Koudai,1.4,2014-10-23,China,Beijing,Consumer & Retail
703,Symphony,1.4,2017-05-16,United States,New York,Financial Services
704,Yidian Zixun,1.4,2017-10-17,China,Beijing,Media & Entertainment
705,Cabify,1.4,2018-01-22,Spain,Madrid,Industrials
706,Hive Box,1.4,2018-01-23,China,Shenzhen,Consumer & Retail
707,Away,1.4,2019-05-15,United States,New York,Consumer & Retail
708,Kong,1.4,2020-12-31,United States,San Francisco,Enterprise Tech
709,Epidemic Sound,1.4,2021-03-11,Sweden,Stockholm,Media & Entertainment
710,Yotpo,1.4,2021-03-18,United States,New York,Consumer & Retail
711,Rebel Foods,1.4,2021-10-07,India,Pune,Consumer & Retail
712,Coda,1.4,2021-07-08,United States,Mountain View,Enterprise Tech
713,Stash,1.4,2021-02-03,United States,New York,Financial Services
714,Rad Power Bikes,1.4,2021-10-28,United States,Seattle,Industrials
715,Clarify Health,1.4,2022-04-05,United States,San Francisco,Healthcare & Life Sciences
716,Bucketplace,1.4,2022-05-09,South Korea,Seoul,Consumer & Retail
717,Paddle,1.4,2022-05-09,United Kingdom,London,Enterprise Tech
718,OneCard,1.4,2022-07-13,India,Pune,Financial Services
719,boAT,1.4,2022-10-28,India,Mumbai,Consumer & Retail
720,Phenom People,1.4,2021-04-07,United States,Ambler,Enterprise Tech
721,GupShup,1.4,2021-04-08,United States,San Francisco,Enterprise Tech
722,Degreed,1.4,2021-04-13,United States,Pleasanton,Enterprise Tech
723,Scalable Capital,1.4,2021-06-08,Germany,Munich,Financial Services
724,VideoAmp,1.4,2021-10-21,United States,Los Angeles,Enterprise Tech
725,Panther Labs,1.4,2021-12-02,United States,San Francisco,Enterprise Tech
726,Salt Security,1.4,2022-02-10,United States,Palo Alto,Enterprise Tech
727,Tripledot,1.4,2022-02-14,United Kingdom,London,Media & Entertainment
728,Nimble Rx,1.4,2022-06-14,United States,Redwood City,Healthcare & Life Sciences
729,Veepee,1.38,2007-07-02,France,La Plaine Saint-Denis,Consumer & Retail
730,Neon,1.38,2022-02-14,Brazil,Sao Paulo,Financial Services
731,Movable Ink,1.36,2022-04-28,United States,New York,Enterprise Tech
732,Patreon,1.35,2020-09-02,United States,San Francisco,Media & Entertainment
733,DeepBlue Technology,1.35,2018-04-16,China,Shanghai,Consumer & Retail
734,Klook,1.35,2018-08-07,Hong Kong,Central,Consumer & Retail
735,Epirus,1.35,2022-02-14,United States,Hawthorne,Industrials
736,Signifyd,1.34,2021-04-15,United States,San Jose,Consumer & Retail
737,Jaguar Microsystems,1.34,2022-06-23,China,Shenzhen,Industrials
738,Motorway,1.33,2021-11-29,United Kingdom,London,Industrials
739,RIDI,1.33,2022-01-24,South Korea,Seoul,Media & Entertainment
740,Lyten,1.33,2023-09-12,United States,San Jose,Industrials
741,Flipboard,1.32,2015-07-22,United States,Palo Alto,Media & Entertainment
742,GPclub,1.32,2018-10-22,South Korea,Seoul,Consumer & Retail
743,Tongdun Technology,1.32,2019-04-25,China,Hangzhou,Enterprise Tech
744,Athletic Greens,1.32,2022-01-25,United States,New York,Healthcare & Life Sciences
745,Unisound,1.31,2018-07-19,China,Beijing,Enterprise Tech
746,Alzheon,1.31,2020-09-30,United States,Framingham,Healthcare & Life Sciences
747,MasterControl,1.3,2022-12-15,United States,Salt Lake City,Healthcare & Life Sciences
748,eFishery,1.3,2023-05-25,Indonesia,Bandung,Industrials
749,Zum,1.3,2024-01-31,United States,Redwood City,Industrials
750,HeartFlow,1.3,2017-12-04,United States,Redwood City,Healthcare & Life Sciences
751,Shiprocket,1.23,2022-08-16,India,New Delhi,Consumer & Retail
752,The Brandtech Group,1.3,2019-11-19,United States,New York,Enterprise Tech
753,HashKeyHashKey,1.3,2024-01-16,Hong Kong,Hong Kong,Financial Services
754,Insightec,1.3,2020-03-06,Israel,Tirat Carmel,Healthcare & Life Sciences
755,Everly Health,1.3,2020-12-03,United States,Austin,Healthcare & Life Sciences
756,Manner,1.3,2020-12-24,China,Shanghai,Consumer & Retail
757,TalkingData,1.3,2021-01-06,China,Beijing,Enterprise Tech
758,DistroKid,1.3,2021-08-16,United States,New York,Media & Entertainment
759,Konfio,1.3,2021-09-29,Mexico,Mexico City,Financial Services
760,Betterment,1.3,2021-09-29,United States,New York,Financial Services
761,Flock Freight,1.3,2021-10-20,United States,Encinitas,Industrials
762,YugaByte,1.3,2021-10-28,United States,Sunnyvale,Enterprise Tech
763,Lukka,1.3,2022-01-14,United States,New York,Financial Services
764,TravelPerk,1.3,2022-01-12,Spain,Barcelona,Enterprise Tech
765,iTrustCapital,1.3,2022-01-11,United States,Long Beach,Financial Services
766,Domestika,1.3,2022-01-27,United States,Berkeley,Media & Entertainment
767,CoinTracker,1.3,2022-01-27,United States,San Francisco,Financial Services
768,Loadsmart,1.3,2022-02-01,United States,New York,Industrials
769,TUNGEE,1.3,2021-12-15,China,Guangzhou,Enterprise Tech
770,Yubi,1.5,2022-03-07,India,Chennai,Financial Services
771,LinkTree,1.3,2022-03-16,Australia,Melbourne,Media & Entertainment
772,Island,1.5,2022-03-23,United States,Dallas,Enterprise Tech
773,Clipboard Health,1.3,2022-02-01,United States,San Francisco,Healthcare & Life Sciences
774,Biofourmis,1.3,2022-04-26,United States,Boston,Healthcare & Life Sciences
775,STORD,1.3,2021-09-13,United States,Atlanta,Industrials
776,Optibus,1.3,2022-05-16,Israel,Tel Aviv,Industrials
777,Keyfactor,1.3,2023-10-24,United States,Independence,Enterprise Tech
778,Equashield,1.3,2022-10-06,United States,Port Washington,Healthcare & Life Sciences
779,Intercom,1.28,2018-03-27,United States,San Francisco,Enterprise Tech
780,OVO Energy,1.28,2019-02-14,United Kingdom,Bristol,Industrials
781,Huisuanzhang,1.28,2021-05-24,China,Beijing,Financial Services
782,WTOIP,1.27,2018-04-08,China,Guangzhou,Enterprise Tech
783,PeopleCert,1.27,2021-06-23,Greece,Athens,Enterprise Tech
784,Greater Bay Technology,1.26,2022-04-02,China,Guangzhou,Industrials
785,JMGO,1.26,2022-03-15,China,Shenzhen,Industrials
786,BigID,1.25,2020-12-16,United States,New York,Enterprise Tech
787,Polyhedra Network,1.25,2024-03-14,United States,San Francisco,Enterprise Tech
788,Kuaikan Manhua,1.25,2017-12-01,China,Beijing,Media & Entertainment
789,Marshmallow,1.25,2021-09-08,United Kingdom,London,Insurance
790,Honor Technology,1.25,2021-10-05,United States,San Francisco,Healthcare & Life Sciences
791,Together AI,1.25,2024-03-13,United States,San Francisco,Enterprise Tech
792,QI Tech,1.0,2023-10-31,Brazil,Sao Paulo,Financial Services
793,Mythical Games,1.0,2021-11-04,United States,Sherman Oaks,Media & Entertainment
794,Incode Technologies,1.25,2021-12-07,United States,San Francisco,Enterprise Tech
795,Tackle.io,1.25,2021-12-21,United States,Boise,Enterprise Tech
796,Flipdish,1.25,2022-01-13,Ireland,Dublin,Consumer & Retail
797,CaptivateIQ,1.25,2022-01-26,United States,San Francisco,Enterprise Tech
798,Talos,1.25,2022-05-10,United States,New York,Financial Services
799,airSlate,1.25,2022-06-16,United States,Brookline,Enterprise Tech
800,ClassDojo,1.25,2022-07-21,United States,San Francisco,Consumer & Retail
801,BrewDog,1.24,2017-04-10,United Kingdom,Aberdeen,Consumer & Retail
802,Enflame,1.24,2021-01-05,China,Shanghai,Enterprise Tech
803,Shulan Health,1.24,2021-03-01,China,Hangzhou,Healthcare & Life Sciences
804,SeatGeek,1.24,2022-08-31,United States,New York,Media & Entertainment
805,Nexii,1.23,2021-09-08,Canada,Vancouver,Industrials
806,InDrive,1.23,2021-02-01,United States,Mountain View,Industrials
807,Spiber,1.22,2021-09-08,Japan,Tsuruoka,Industrials
808,Insider,2.0,2022-02-28,Turkey,Istanbul,Enterprise Tech
809,Kallyope,1.22,2022-02-15,United States,New York,Healthcare & Life Sciences
810,Zip,1.5,2022-05-25,United States,San Francisco,Enterprise Tech
811,Cart.com,1.2,2023-06-27,United States,Austin,Consumer & Retail
812,Replit,1.05,2023-04-25,United States,San Francisco,Enterprise Tech
813,Mews,1.2,2024-03-04,Netherlands,Amsterdam,Enterprise Tech
814,Our Next Energy,1.2,2023-02-01,United States,Novi,Industrials
815,Lightmatter,1.2,2023-12-19,United States,Mountain View,Enterprise Tech
816,Castore,1.2,2023-11-29,United Kingdom,Manchester,Consumer & Retail
817,Yiguo,1.2,2016-11-09,China,Shanghai,Consumer & Retail
818,Glossier,1.65,2019-03-19,United States,New York,Consumer & Retail
819,Workhuman,1.2,2020-06-23,Ireland,Dublin,Enterprise Tech
820,Qumulo,1.2,2020-07-16,United States,Seattle,Enterprise Tech
821,Tealium,1.2,2021-02-03,United States,San Diego,Enterprise Tech
822,Public,1.2,2021-02-17,United States,New York,Financial Services
823,Pipa Coding,1.2,2021-03-25,China,Beijing,Consumer & Retail
824,Pilot,1.2,2021-03-26,United States,San Francisco,Financial Services
825,Aibee,1.2,2021-04-13,China,Beijing,Enterprise Tech
826,Vectra Networks,1.2,2021-04-29,United States,San Jose,Enterprise Tech
827,Ada,1.2,2021-05-07,Canada,Toronto,Enterprise Tech
828,SmartMore,1.2,2021-06-24,China,Shenzhen,Industrials
829,Rohlik Group,1.2,2021-07-01,Czech Republic,Prague,Consumer & Retail
830,FloQast,1.2,2021-07-21,United States,Los Angeles,Financial Services
831,MindTickle,1.2,2021-08-03,United States,San Francisco,Enterprise Tech
832,Offchain Labs,1.2,2021-08-31,United States,Princeton,Enterprise Tech
833,Copado,1.2,2021-09-13,United States,Chicago,Enterprise Tech
834,Gem,1.2,2021-09-28,United States,San Francisco,Enterprise Tech
835,CarDekho,1.2,2021-10-13,India,Jaipur,Industrials
836,The Good Glamm Group,1.2,2021-11-10,India,Mumbai,Consumer & Retail
837,AgentSync,1.2,2021-12-07,United States,Denver,Insurance
838,Pristyn Care,1.4,2021-12-07,India,Gurugram,Healthcare & Life Sciences
839,Merama,1.2,2021-12-09,Mexico,Mexico City,Consumer & Retail
840,SeekOut,1.2,2022-01-12,United States,Bellevue,Enterprise Tech
841,BigPanda,1.2,2022-01-12,United States,Mountain View,Enterprise Tech
842,Phantom,1.2,2022-01-31,United States,San Francisco,Financial Services
843,LivSpace,1.2,2022-02-08,India,Bengaluru,Consumer & Retail
844,Nova Labs,1.2,2022-02-22,United States,San Francisco,Enterprise Tech
845,Choco,1.2,2022-04-12,Germany,Berlin,Consumer & Retail
846,Viz.ai,1.2,2022-04-07,United States,San Francisco,Healthcare & Life Sciences
847,Unit,1.2,2022-05-17,United States,New York,Financial Services
848,stori,1.2,2022-07-15,Mexico,Juarez,Financial Services
849,Spectrum Medical,1.2,2022-07-18,United Kingdom,Gloucester,Healthcare & Life Sciences
850,Swiftly,1.2,2022-09-19,United States,Seattle,Consumer & Retail
851,CloudBees,1.15,2021-12-09,United States,San Jose,Enterprise Tech
852,Flink,1.07,2021-12-01,Germany,Berlin,Consumer & Retail
853,Colossal,1.19,2023-01-31,United States,Austin,Healthcare & Life Sciences
854,L&P Cosmetic,1.19,2016-01-01,South Korea,Seoul,Consumer & Retail
855,Mininglamp Technology,1.19,2019-03-27,China,Beijing,Enterprise Tech
856,Vestiaire Collective,1.18,2021-03-01,France,Paris,Consumer & Retail
857,Luoji Siwei,1.18,2017-07-20,China,Beijing,Media & Entertainment
858,Yimidida,1.17,2019-01-14,China,Shanghai,Industrials
859,Modern Health,1.17,2021-02-11,United States,San Francisco,Healthcare & Life Sciences
860,IRL,1.17,2021-06-15,United States,San Francisco,Media & Entertainment
861,Younited,1.16,2022-12-08,France,Paris,Financial Services
862,Uzum,1.16,2024-03-26,Uzbekistan,Tashkent,Financial Services
863,SOURCE Global,1.16,2022-04-29,United States,Scottsdale,Industrials
864,LifeMiles,1.15,2015-07-13,Colombia,Bogota,Consumer & Retail
865,Venafi,1.15,2020-12-10,United States,Salt Lake City,Enterprise Tech
866,Guideline,1.15,2021-06-16,United States,San Mateo,Financial Services
867,Rebellion Defense,1.15,2021-09-16,United States,Washington DC,Industrials
868,Elemy,1.15,2021-10-06,United States,San Francisco,Healthcare & Life Sciences
869,TELD,1.12,2019-12-16,China,Qingdao,Industrials
870,Enable,1.12,2023-11-07,United States,San Francisco,Enterprise Tech
871,DANA,1.13,2022-08-10,Indonesia,Jakarta,Financial Services
872,At-Bay,1.12,2021-07-27,United States,Mountain View,Insurance
873,Visby Medical,1.12,2022-03-01,United States,San Jose,Healthcare & Life Sciences
874,Invoca,1.1,2022-06-14,United States,Santa Barbara,Enterprise Tech
875,ElevenLabs,1.1,2024-01-22,United States,New York,Enterprise Tech
876,Wasabi,1.1,2022-09-27,United States,Boston,Enterprise Tech
877,Halan,1.0,2023-02-01,Egypt,Cairo,Financial Services
878,BioCatch,1.0,2023-11-20,Israel,Tel Aviv,Enterprise Tech
879,Baichuan AI,1.0,2023-10-17,China,Beijing,Enterprise Tech
880,Rokid,1.0,2023-11-20,United States,Redwood City,Media & Entertainment
881,Krutrim,1.0,2024-01-26,India,Bengaluru,Enterprise Tech
882,Headway,1.0,2023-10-05,United States,Orlando,Healthcare & Life Sciences
883,Flexe,1.0,2022-04-21,United States,Seattle,Industrials
884,TangoMe,1.1,2014-03-20,United States,Mountain View,Media & Entertainment
885,AppDirect,1.1,2015-10-07,United States,San Francisco,Enterprise Tech
886,Juanpi,1.1,2016-04-14,China,Wuhan,Consumer & Retail
887,OVH,1.1,2016-08-15,France,Roubaix,Enterprise Tech
888,GetYourGuide,2.0,2019-05-16,Germany,Berlin,Consumer & Retail
889,Ivalua,1.1,2019-05-21,United States,Redwood City,Enterprise Tech
890,Sisense,1.1,2020-01-09,United States,New York,Enterprise Tech
891,Pharmapacks,1.1,2020-11-12,United States,Islandia,Consumer & Retail
892,Sennder,1.1,2021-01-14,Germany,Berlin,Industrials
893,Nexthink,1.1,2021-02-08,Switzerland,Prilly,Enterprise Tech
894,Zego,1.1,2021-03-09,United Kingdom,London,Insurance
895,Rightway,1.1,2021-03-30,United States,New York,Healthcare & Life Sciences
896,Sunbit,1.1,2021-05-20,United States,Los Angeles,Financial Services
897,Qingting FM,1.1,2021-06-02,China,Shanghai,Media & Entertainment
898,G2,1.1,2021-06-22,United States,Chicago,Enterprise Tech
899,Hailo,1.0,2021-10-12,Israel,Tel Aviv,Enterprise Tech
900,Caribou,1.1,2022-05-23,United States,Denver,Insurance
901,Nowports,1.1,2022-05-24,Mexico,Monterrey,Industrials
902,People.ai,1.1,2021-08-11,United States,San Francisco,Enterprise Tech
903,Carousell,1.1,2021-09-15,Singapore,Singapore City,Consumer & Retail
904,apna,1.1,2021-09-15,India,Bengaluru,Enterprise Tech
905,Karat,1.1,2021-10-13,United States,Seattle,Enterprise Tech
906,Enpal,1.1,2021-10-18,Germany,Berlin,Industrials
907,Acko General Insurance,1.1,2021-10-28,India,Bengaluru,Insurance
908,Daily Harvest,1.1,2021-11-16,United States,New York,Consumer & Retail
909,The Bank of London,1.1,2021-11-30,United Kingdom,London,Financial Services
910,Fundbox,1.1,2021-11-30,United States,San Francisco,Financial Services
911,Turing,1.1,2021-12-20,United States,Palo Alto,Enterprise Tech
912,GlobalBees,1.1,2021-12-28,India,New Delhi,Consumer & Retail
913,LEAD,1.1,2022-01-13,India,Andheri,Consumer & Retail
914,eSentire,1.1,2022-02-22,Canada,Waterloo,Enterprise Tech
915,Beyond Identity,1.1,2022-02-22,United States,New York,Enterprise Tech
916,Staffbase,1.1,2022-03-15,Germany,Chemnitz,Enterprise Tech
917,Chief,1.1,2022-03-31,United States,New York,Consumer & Retail
918,IntelyCare,1.1,2022-04-06,United States,Quincy,Healthcare & Life Sciences
919,Teleport,1.1,2022-05-03,United States,Oakland,Enterprise Tech
920,Imply Data,1.1,2022-05-17,United States,Burlingame,Enterprise Tech
921,Material Security,1.1,2022-05-11,United States,Redwood City,Enterprise Tech
922,PhysicsWallah,1.1,2022-06-07,India,Uttar Pradesh,Consumer & Retail
923,Recover,1.1,2022-06-09,Spain,Banyeres de Mariola,Industrials
924,Purplle,1.1,2022-06-09,India,Mumbai,Consumer & Retail
925,CAIS,1.1,2022-01-11,United States,New York,Financial Services
926,Nxin,1.08,2018-09-18,China,Beijing,Industrials
927,UISEE Technology,1.08,2021-01-25,China,Beijing,Industrials
928,56PINGTAI,1.08,2021-01-25,China,Shanghai,Industrials
929,Cirkul,1.07,2022-06-13,United States,Sarasota,Consumer & Retail
930,Radius Payment Solutions,1.07,2017-11-27,United Kingdom,Crewe,Industrials
931,InCred,1.05,2023-11-09,India,Mumbai,Financial Services
932,0x,1.05,2022-04-26,United States,San Francisco,Financial Services
933,Jiuxian,1.05,2015-07-30,China,Beijing,Consumer & Retail
934,Instabase,2.0,2019-10-21,United States,San Francisco,Enterprise Tech
935,Sendbird,1.05,2021-04-06,United States,San Mateo,Enterprise Tech
936,Density,1.05,2021-11-10,United States,San Francisco,Enterprise Tech
937,Mixpanel,1.05,2021-11-15,United States,San Francisco,Enterprise Tech
938,Branch,1.05,2022-03-01,United States,Columbus,Insurance
939,OrCam Technologies,1.03,2018-02-20,Israel,Jerusalem,Healthcare & Life Sciences
940,B&C Chemical,1.02,2023-04-19,China,Pizhou,Industrials
941,Ample,1.02,2021-11-11,United States,San Francisco,Industrials
942,BlackBuck,1.02,2021-07-22,India,Bengaluru,Industrials
943,Wheel,1.01,2022-01-19,United States,Austin,Healthcare & Life Sciences
944,Vestwell,1.0,2023-12-21,United States,New York,Financial Services
945,Minute Media,1.0,2024-01-30,United States,New York,Media & Entertainment
946,Perfios,1.0,2024-03-13,India,Mumbai,Financial Services
947,Tamara,1.0,2023-12-18,Saudi Arabia,Riyadh,Financial Services
948,Xreal,1.0,2024-01-29,China,Beijing,Media & Entertainment
949,Silverfort,1.0,2024-01-23,Israel,Tel Aviv,Enterprise Tech
950,IntraBio,1.0,2024-03-23,United Kingdom,Oxfordshire,Healthcare & Life Sciences
951,Andalusia Labs,1.0,2023-12-13,United Arab Emirates,Abu Dhabi,Enterprise Tech
952,EmployerDirect Healthcare,1.0,2023-12-19,United States,Dallas,Healthcare & Life Sciences
953,Electric Hydrogen,1.0,2023-10-03,United States,Natick,Industrials
954,TechMet,1.0,2023-12-07,Ireland,Dublin,Industrials
955,MaintainX,1.0,2023-12-06,United States,San Fransisco,Enterprise Tech
956,01.AI,1.0,2023-11-05,China,Beijing,Enterprise Tech
957,MindMaze,1.0,2022-02-17,Switzerland,Lausanne,Health
958,Avenue One,1.0,2023-05-15,United States,New York,Financial Services
959,DataSnipper,1.0,2024-02-01,Netherlands,Amsterdam,Enterprise Tech
960,Zhipu AI,1.0,2023-09-20,China,Beijing ,Enterprise Tech
961,Flashbots,1.0,2023-07-21,Cayman Islands,Grand Cayman,Enterprise Tech
962,Typeface,1.0,2023-06-29,United States,Los Altos,Enterprise Tech
963,Imbue,1.0,2023-09-07,United States,San Francisco,Enterprise Tech
964,Restaurant365,1.0,2023-05-19,United States,Irvine,Consumer & Retail
965,Kin,1.0,2023-09-13,United States,Chicago,Insurance
966,DeepL,1.0,2023-01-11,Germany,Cologne,Enterprise Tech
967,KoBold Metals,1.0,2023-06-20,United States,Berkeley,Industrials
968,Go,1.0,2023-05-24,Japan,Tokyo,Industrials
969,Percent,1.0,2018-11-30,China,Beijing,Enterprise Tech
970,1Komma5,1.08,2023-06-23,Germany,Hamburg,Industrials
971,Gradiant,1.0,2023-05-17,United States,Woburn,Industrials
972,Palmetto,1.0,2022-02-24,United States,Charleston,Industrials
973,Synthesia,1.0,2023-06-13,United Kingdom,London,Enterprise Tech
974,Prove Identity,1.0,2020-06-18,United States,New York,Enterprise Tech
975,Character.AI,1.0,2023-03-03,United States,Menlo Park,Media & Entertainment
976,Atmosphere,1.0,2023-02-07,United States,Austin,Media & Entertainment
977,Adept,1.0,2023-03-14,United States,San Francisco,Enterprise Tech
978,Beamery,1.0,2022-12-13,United Kingdom,London,Enterprise Tech
979,Flow,1.0,2022-08-15,United States,New York,Financial Services
980,Xanadu,1.0,2022-11-09,Canada,Toronto,Enterprise Tech
981,LINE MAN Wongnai,1.0,2022-09-26,Thailand,Bangkok,Consumer & Retail
982,Celestia,1.0,2022-10-19,Liechtenstein,Vaduz,Enterprise Tech
983,Stability AI,1.0,2022-10-05,United Kingdom,London,Enterprise Tech
984,Satispay,1.0,2022-09-28,Italy,Milan,Financial Services
985,Paystand,1.0,2022-08-02,United States,Scotts Valley,Financial Services
986,Turntide Technologies,1.0,2022-06-15,United States,Sunnyvale,Industrials
987,EcoVadis,1.0,2022-06-14,France,Paris,Enterprise Tech
988,TransferMate,1.0,2022-05-22,Ireland,Kilkenny,Financial Services
989,Lookout,1.0,2013-10-10,United States,San Francisco,Enterprise Tech
990,Snapdeal,1.0,2014-05-21,India,New Delhi,Consumer & Retail
991,TechStyle Fashion Group,1.0,2014-08-29,United States,El Segundo,Consumer & Retail
992,Zebec,1.0,2022-08-29,United States,San Francisco,Financial Services
993,InMobi,1.0,2014-12-02,India,Bengaluru,Enterprise Tech
994,LinkSure Network,1.0,2015-01-01,China,Shanghai,Industrials
995,Red Ventures,1.0,2015-01-07,United States,Fort Mill,Media & Entertainment
996,BeiBei,1.0,2015-01-22,China,Hangzhou,Consumer & Retail
997,Lamabang,1.0,2015-03-06,China,Shenzhen,Consumer & Retail
998,Jimu,1.0,2015-04-21,China,Beijing,Financial Services
999,ShareCRM,1.0,2015-07-02,China,Beijing,Enterprise Tech
1000,Mia.com,1.0,2015-09-08,China,Beijing,Consumer & Retail
1001,58 Daojia,1.0,2015-10-12,China,Beijing,Consumer & Retail
1002,Womai,1.0,2015-10-12,China,Beijing,Consumer & Retail
1003,HuJiang,1.0,2015-10-29,China,Shanghai,Consumer & Retail
1004,iTutorGroup,1.0,2015-11-18,China,Shanghai,Consumer & Retail
1005,iCarbonX,1.0,2016-04-12,China,Shenzhen,Healthcare & Life Sciences
1006,Kendra Scott,1.0,2016-12-21,United States,Austin,Consumer & Retail
1007,Mobvoi,1.0,2017-04-06,China,Beijing,Consumer & Retail
1008,Zhuan Zhuan,1.0,2017-04-18,China,Beijing,Consumer & Retail
1009,Modernizing Medicine,1.0,2017-05-10,United States,Boca Raton,Healthcare & Life Sciences
1010,DianRong,1.0,2017-08-02,China,Shanghai,Financial Services
1011,YH Global,1.0,2017-09-21,China,Shenzhen,Industrials
1012,Revolution Precrafted,1.0,2017-10-23,Philippines,Manila,Industrials
1013,WeLab,1.0,2017-11-08,Hong Kong,Hong Kong,Financial Services
1014,Maimai,1.0,2017-11-15,China,Beijing,Media & Entertainment
1015,Dxy.cn,1.0,2018-04-10,China,Hangzhou,Healthcare & Life Sciences
1016,HMD Global,1.0,2018-05-21,Finland,Espoo,Industrials
1017,Huike Group,1.0,2018-05-24,China,Beijing,Enterprise Tech
1018,ChinaC.com,1.0,2018-06-11,China,Wuxi,Enterprise Tech
1019,LinkDoc Technology,1.0,2018-07-05,China,Beijing,Healthcare & Life Sciences
1020,Movile,1.0,2018-07-12,Brazil,Sao Paulo,Consumer & Retail
1021,Pat McGrath Labs,1.0,2018-07-16,United States,New York,Consumer & Retail
1022,Wacai,1.0,2018-07-18,China,Hangzhou,Financial Services
1023,FlashEx,1.0,2018-08-27,China,Beijing,Industrials
1024,Banma Network Technologies,1.0,2018-09-13,China,Shanghai,Industrials
1025,Tresata,1.0,2018-10-10,United States,Charlotte,Financial Services
1026,Momenta,1.0,2018-10-17,China,Beijing,Industrials
1027,Hosjoy,1.0,2018-10-18,China,Nanjing,Consumer & Retail
1028,Omio,1.0,2018-10-23,Germany,Berlin,Consumer & Retail
1029,TERMINUS Technology,1.0,2018-10-25,China,Beijing,Industrials
1030,BitFury,1.0,2018-11-06,Netherlands,Amsterdam,Enterprise Tech
1031,REEF Technology,1.0,2018-12-10,United States,Miami,Industrials
1032,Globality,1.0,2019-01-22,United States,Menlo Park,Enterprise Tech
1033,Ynsect,1.0,2019-02-21,France,Evry,Industrials
1034,Poizon,1.0,2019-04-29,China,Shanghai,Consumer & Retail
1035,SITECH DEV,1.0,2019-05-16,China,Guiyang,Industrials
1036,KnowBox,1.0,2019-05-30,China,Beijing,Consumer & Retail
1037,Yanolja,1.0,2019-06-10,South Korea,Seoul,Consumer & Retail
1038,Meero,1.0,2019-06-18,France,Paris,Media & Entertainment
1039,Ibotta,1.0,2019-08-06,United States,Denver,Consumer & Retail
1040,C2FO,1.0,2019-08-07,United States,Leawood,Financial Services
1041,Numbrs,1.0,2019-08-22,Switzerland,Zurich,Financial Services
1042,EBANX,1.0,2019-10-16,Brazil,Curitiba,Financial Services
1043,KK Group,3.0,2019-10-23,China,Dongguan,Consumer & Retail
1044,Hotmart,1.0,2020-03-17,Netherlands,Amsterdam,Consumer & Retail
1045,Dubizzle Group,1.0,2020-04-28,United Arab Emirates,Dubai,Consumer & Retail
1046,Quizlet,1.0,2020-05-13,United States,San Francisco,Consumer & Retail
1047,Orca Bio,1.0,2020-06-17,United States,Menlo Park,Healthcare & Life Sciences
1048,Infobip,1.0,2020-07-30,Croatia,Vodnjan,Enterprise Tech
1049,Zwift,1.0,2020-09-16,United States,Long Beach,Healthcare & Life Sciences
1050,Playco,1.0,2020-09-21,Japan,Tokyo,Media & Entertainment
1051,Gousto,1.7,2020-11-03,United Kingdom,London,Consumer & Retail
1052,Alation,1.7,2021-06-03,United States,Redwood City,Enterprise Tech
1053,Boom Supersonic,1.0,2020-12-16,United States,Englewood,Industrials
1054,Quantum Metric,1.0,2021-01-07,United States,Colorado Springs,Enterprise Tech
1055,News Break,1.0,2021-01-07,United States,Mountain View,Media & Entertainment
1056,MadeiraMadeira,1.0,2021-01-07,Brazil,Parana,Consumer & Retail
1057,PPRO,1.0,2021-01-19,United Kingdom,London,Financial Services
1058,Splashtop,1.0,2021-01-27,United States,San Jose,Enterprise Tech
1059,Flash Express,1.0,2021-02-01,Thailand,Bangkok,Industrials
1060,Axiom Space,1.0,2021-02-16,United States,Houston,Industrials
1061,Locus Robotics,1.0,2021-02-17,United States,Wilmington,Industrials
1062,Standard AI,1.0,2021-02-17,United States,San Francisco,Consumer & Retail
1063,Newsela,1.0,2021-02-25,United States,New York,Consumer & Retail
1064,Aqua Security,1.0,2021-03-10,Israel,Ramat Gan,Enterprise Tech
1065,PatSnap,1.0,2021-03-16,Singapore,Singapore City,Enterprise Tech
1066,Evidation,1.0,2021-03-22,United States,San Mateo,Healthcare & Life Sciences
1067,Sidecar Health,1.0,2021-01-26,United States,El Segundo,Healthcare & Life Sciences
1068,Feedzai,1.0,2021-03-24,United States,San Mateo,Financial Services
1069,Yunxuetang,1.0,2021-03-29,China,Suzhou,Enterprise Tech
1070,Cameo,1.0,2021-03-30,United States,Chicago,Media & Entertainment
1071,Hyperchain,1.0,2021-04-11,China,Hangzhou,Enterprise Tech
1072,The Zebra,1.0,2021-04-12,United States,Austin,Insurance
1073,Groq,1.0,2021-04-14,United States,Mountain View,Enterprise Tech
1074,Fiture,1.0,2021-04-14,China,Chengdu,Healthcare & Life Sciences
1075,Injective,1.0,2021-04-20,United States,New York,Financial Services
1076,Sift,1.0,2021-04-22,United States,San Francisco,Enterprise Tech
1077,Teya,1.0,2021-04-09,United Kingdom,London,Financial Services
1078,Capsule,1.0,2021-04-28,United States,New York,Healthcare & Life Sciences
1079,MOLOCO,1.5,2021-04-29,United States,Redwood City,Enterprise Tech
1080,Inari,1.65,2021-05-12,United States,Cambridge,Industrials
1081,Mux,1.0,2021-04-30,United States,San Francisco,Media & Entertainment
1082,XForcePlus,1.0,2021-06-01,China,Shanghai,Enterprise Tech
1083,Augustinus Bader,1.0,2022-11-09,United Kingdom,London,Consumer & Retail
1084,Shift,1.0,2021-05-06,France,Paris,Insurance
1085,TensTorrent,1.0,2021-05-05,Canada,Toronto,Enterprise Tech
1086,Zihaiguo,1.0,2021-05-06,China,Chongqing,Consumer & Retail
1087,Forte Labs,1.73,2021-05-12,United States,San Francisco,Media & Entertainment
1088,Axtria,1.0,2021-05-13,United States,Berkeley Heights,Enterprise Tech
1089,Amount,1.0,2021-05-17,United States,Chicago,Financial Services
1090,Vise,1.0,2021-05-18,United States,New York,Financial Services
1091,Printful,1.0,2021-05-24,United States,Charlotte,Consumer & Retail
1092,Matrixport,1.05,2021-06-01,Singapore,Singapore City,Financial Services
1093,Shippo,1.0,2021-06-02,United States,San Francisco,Industrials
1094,Thirty Madison,1.0,2021-06-02,United States,New York,Healthcare & Life Sciences
1095,LetsGetChecked,1.0,2021-06-07,Ireland,Dublin,Healthcare & Life Sciences
1096,EcoFlow,1.0,2021-06-10,China,Shenzhen,Industrials
1097,Carro,1.0,2021-06-14,Singapore,Singapore City,Industrials
1098,Tractable,1.0,2021-06-16,United Kingdom,London,Insurance
1099,Xiaoe Tech,1.0,2021-06-15,China,Shenzhen,Enterprise Tech
1100,Bringg,1.0,2021-06-16,Israel,Tel Aviv,Enterprise Tech
1101,Simply,1.0,2021-06-21,Israel,Tel Aviv,Media & Entertainment
1102,Worldcoin,1.0,2021-06-29,United States,San Francisco,Financial Services
1103,SmartAsset,1.0,2021-06-24,United States,New York,Financial Services
1104,Morning Consult,1.0,2021-06-08,United States,Washington DC,Enterprise Tech
1105,Visier,1.0,2021-06-29,Canada,Vancouver,Enterprise Tech
1106,ShipBob,1.0,2021-06-29,United States,Chicago,Consumer & Retail
1107,MobileCoin,1.06,2021-07-07,United States,San Francisco,Financial Services
1108,Amperity,1.0,2021-07-13,United States,Seattle,Enterprise Tech
1109,Pantheon Systems,1.0,2021-07-13,United States,San Francisco,Enterprise Tech
1110,Xiaoice,1.0,2021-07-12,China,Beijing,Media & Entertainment
1111,Caidya,1.0,2021-07-12,China,Shanghai,Healthcare & Life Sciences
1112,Carson Group,1.0,2021-07-14,United States,Lincoln,Financial Services
1113,NIUM,2.0,2021-07-13,Singapore,Singapore City,Financial Services
1114,Human Interest,1.0,2021-08-04,United States,San Francisco,Financial Services
1115,Bluecore,1.0,2021-08-05,United States,New York,Consumer & Retail
1116,Freshbooks,1.0,2021-08-10,Canada,Toronto,Enterprise Tech
1117,Snorkel AI,1.0,2021-08-09,United States,Palo Alto,Enterprise Tech
1118,Gelato,1.0,2021-08-16,Norway,Oslo,Consumer & Retail
1119,Maven,1.0,2021-08-17,United States,New York,Healthcare & Life Sciences
1120,PicsArt,1.0,2021-08-26,United States,San Francisco,Media & Entertainment
1121,1KMXC,1.0,2021-08-30,China,Hangzhou,Industrials
1122,Cider,1.0,2021-09-02,Hong Kong,Hong Kong,Consumer & Retail
1123,Berlin Brands Group,1.0,2021-09-01,Germany,Berlin,Consumer & Retail
1124,Agile Robots,1.0,2021-09-09,Germany,Munich,Industrials
1125,Mammoth Biosciences,1.0,2021-09-09,United States,Brisbane,Healthcare & Life Sciences
1126,Orchard,1.0,2021-09-09,United States,New York,Financial Services
1127,Xendit,1.0,2021-09-14,Indonesia,Jakarta,Financial Services
1128,TrueLayer,1.0,2021-09-21,United Kingdom,London,Financial Services
1129,Assembly,1.0,2021-09-21,United States,Culver City,Consumer & Retail
1130,PandaDoc,1.0,2021-09-22,United States,San Francisco,Enterprise Tech
1131,Keenon Robotics,1.0,2021-09-15,China,Shanghai,Industrials
1132,HAYDON,1.0,2021-09-24,China,Shanghai,Consumer & Retail
1133,Ninja Van,1.0,2021-09-27,Singapore,Singapore City,Consumer & Retail
1134,Vedantu,1.0,2021-09-29,India,Bengaluru,Consumer & Retail
1135,Formation Bio,1.0,2021-09-30,United States,New York,Healthcare & Life Sciences
1136,Ajaib,1.0,2021-10-04,Indonesia,Jakarta,Financial Services
1137,Licious,1.0,2021-10-05,India,Bengaluru,Consumer & Retail
1138,Masterworks,1.0,2021-10-05,United States,New York,Financial Services
1139,Chronosphere,1.0,2021-10-07,United States,New York,Enterprise Tech
1140,Solo.io,1.0,2021-10-07,United States,Cambridge,Enterprise Tech
1141,Savage X Fenty,1.0,2021-02-10,United States,El Segundo,Consumer & Retail
1142,Swile,1.0,2021-10-11,France,Montpellier,Enterprise Tech
1143,MobiKwik,1.0,2021-10-13,India,Gurugram,Financial Services
1144,Weights & Biases,1.25,2021-10-13,United States,San Francisco,Enterprise Tech
1145,Zopa,1.0,2021-10-19,United Kingdom,London,Financial Services
1146,Dental Monitoring,1.0,2021-10-21,France,Paris,Healthcare & Life Sciences
1147,CargoX,1.0,2021-10-21,Brazil,Sao Paulo,Industrials
1148,Fabric,1.0,2021-10-26,United States,New York,Consumer & Retail
1149,Augury,1.0,2021-10-26,United States,New York,Industrials
1150,Moka,1.0,2021-11-02,China,Beijing,Enterprise Tech
1151,Tezign,1.0,2021-11-02,China,Shanghai,Enterprise Tech
1152,Vagaro,1.0,2021-11-03,United States,Dublin,Consumer & Retail
1153,IGAWorks,1.0,2021-11-08,South Korea,Seoul,Enterprise Tech
1154,Contrast Security,1.0,2021-11-09,United States,Los Altos,Enterprise Tech
1155,Wrapbook,1.0,2021-11-10,United States,New York,Media & Entertainment
1156,Gaussian Robotics,1.1,2021-11-10,China,Shanghai,Industrials
1157,Mensa Brands,1.0,2021-11-16,India,Bengaluru,Consumer & Retail
1158,Heyday,1.0,2021-11-16,United States,Chicago,Consumer & Retail
1159,PLACE,1.0,2021-11-17,United States,Bellingham,Financial Services
1160,Stytch,1.0,2021-11-18,United States,San Francisco,Enterprise Tech
1161,Owkin,1.0,2021-11-18,United States,New York,Healthcare & Life Sciences
1162,Expel,1.0,2021-11-18,United States,Herndon,Enterprise Tech
1163,NoBroker,1.0,2021-11-23,India,Bengaluru,Financial Services
1164,Lessen,1.0,2021-11-30,United States,Scottsdale,Financial Services
1165,Clara,1.0,2021-12-06,Mexico,Mexico City,Financial Services
1166,YipitData,1.0,2021-12-06,United States,New York,Enterprise Tech
1167,Anyscale,1.0,2021-12-07,United States,Berkeley,Enterprise Tech
1168,Iodine Software,1.0,2021-12-01,United States,Austin,Healthcare & Life Sciences
1169,ReliaQuest,1.0,2021-12-01,United States,Tampa,Enterprise Tech
1170,Pet Circle,1.0,2021-12-06,Australia,Alexandria,Consumer & Retail
1171,Nature's Fynd,1.0,2021-07-19,United States,Chicago,Consumer & Retail
1172,Lydia,1.0,2021-12-08,France,Paris,Financial Services
1173,SellerX,1.0,2021-12-09,Germany,Berlin,Consumer & Retail
1174,SnapLogic,1.0,2021-12-13,United States,San Mateo,Enterprise Tech
1175,Cadence,1.0,2021-12-14,United States,New York,Healthcare & Life Sciences
1176,Noname Security,1.0,2021-12-15,United States,Palo Alto,Enterprise Tech
1177,Rothy's,1.0,2021-12-21,United States,San Francisco,Consumer & Retail
1178,VOI,1.0,2021-12-21,Sweden,Stockholm,Industrials
1179,Haomo.AI,1.0,2021-12-22,China,Beijing,Industrials
1180,Kopi Kenangan,1.0,2021-12-27,Indonesia,Jakarta,Consumer & Retail
1181,InFarm,1.0,2021-12-16,Germany,Berlin,Industrials
1182,ONE,1.0,2021-12-08,Singapore,Singapore City,Media & Entertainment
1183,Fractal Analytics,1.0,2022-01-05,India,Mumbai,Enterprise Tech
1184,Assent,1.0,2022-01-06,Canada,Ottawa,Industrials
1185,Placer.ai,1.0,2022-01-12,United States,Los Altos,Consumer & Retail
1186,Pentera,1.0,2022-01-11,Israel,Petah Tikva,Enterprise Tech
1187,Darwinbox,1.0,2022-01-25,India,Hyderabad,Enterprise Tech
1188,Minio,1.0,2022-01-26,United States,Palo Alto,Enterprise Tech
1189,Esusu,1.0,2022-01-27,United States,New York,Financial Services
1190,Betterfly,1.0,2022-02-01,Chile,Santiago,Enterprise Tech
1191,Dune Analytics,1.0,2022-02-02,Norway,Oslo,Enterprise Tech
1192,Scandit,1.0,2022-02-09,Switzerland,Zurich,Enterprise Tech
1193,Payhawk,1.0,2022-02-14,United Kingdom,London,Enterprise Tech
1194,Watershed,1.0,2022-02-08,United States,San Francisco,Enterprise Tech
1195,Axelar,1.0,2022-02-15,Canada,Waterloo,Enterprise Tech
1196,CHEQ,1.0,2022-02-22,United States,New York,Enterprise Tech
1197,Hasura,1.0,2022-02-22,India,Bengaluru,Enterprise Tech
1198,Timescale,1.0,2022-02-22,United States,New York,Enterprise Tech
1199,Scalapay,1.0,2022-02-23,Italy,Milan,Financial Services
1200,Omada Health,1.0,2022-02-23,United States,San Francisco,Healthcare & Life Sciences
1201,BlueVoyant,1.0,2022-02-23,United States,New York,Enterprise Tech
1202,Vendr,1.0,2022-02-24,United States,Boston,Enterprise Tech
1203,Gauntlet Networks,1.0,2022-03-07,United States,New York,Financial Services
1204,Aptos,1.0,2022-03-15,United States,Palo Alto,Enterprise Tech
1205,Glia,1.0,2022-03-21,United States,New York,Enterprise Tech
1206,CommerceIQ,1.0,2022-03-21,United States,Palo Alto,Consumer & Retail
1207,RapidAPI,1.0,2022-03-23,United States,San Francisco,Enterprise Tech
1208,Tarana Wireless,1.0,2022-03-23,United States,Milpitas,Industrials
1209,FLASH,1.0,2022-03-16,United States,Austin,Industrials
1210,Electric,1.0,2022-03-29,United States,New York,Enterprise Tech
1211,BostonGene,1.0,2022-04-06,United States,Waltham,Healthcare & Life Sciences
1212,Grover,1.0,2022-04-07,Germany,Berlin,Consumer & Retail
1213,Genies,1.0,2022-04-12,United States,Venice,Media & Entertainment
1214,Oyster,1.0,2022-04-20,United States,Wilmington,Enterprise Tech
1215,NexHealth,1.0,2022-04-21,United States,San Francisco,Healthcare & Life Sciences
1216,UPSIDE Foods,1.0,2022-04-21,United States,Berkeley,Consumer & Retail
1217,Factorial,1.0,2022-10-11,Spain,Barcelona,Enterprise Tech
1218,Divergent 3D,1.0,2022-04-25,United States,Torrance,Industrials
1219,Taxfix,1.0,2022-04-28,Germany,Berlin,Financial Services
1220,Open,1.0,2022-05-02,India,Bengaluru,Financial Services
1221,Opn,1.0,2022-05-09,Japan,Tokyo,Financial Services
1222,Remarkable,1.0,2022-05-10,Norway,Oslo,Consumer & Retail
1223,Habi,1.0,2022-05-11,Colombia,Bogota,Financial Services
1224,CareBridge,1.0,2022-06-08,United States,Nashville,Healthcare & Life Sciences
1225,Immuta,1.0,2022-06-08,United States,Boston,Enterprise Tech
1226,JupiterOne,1.0,2022-06-02,United States,Morrisville,Enterprise Tech
1227,Vayyar,1.0,2022-06-06,Israel,Yehud,Industrials
1228,LeadSquared,1.0,2022-06-21,India,Bengaluru,Enterprise Tech
1229,FourKites,1.0,2022-06-21,United States,Chicago,Enterprise Tech
1230,VulcanForms,1.0,2022-07-05,United States,Burlington,Industrials
1231,SingleStore,1.0,2022-07-12,United States,San Francisco,Enterprise Tech
1232,Unstoppable Domains,1.0,2022-07-27,United States,Las Vegas,Media & Entertainment
